Duration (in seconds),Finished,RecordedDate,ResponseId,Q1,Q1_11_TEXT,Q3,Q5,Q5_17_TEXT,Q25,Q25_17_TEXT,Q22,Q22_10_TEXT,Q7,Q26,Job types,Mismatch,Response type,Communication type most helpful,Overdose burden,Communication type most common,Communication passive active
Duration (in seconds),Finished,Recorded Date,Response ID,Where do you work? - Selected Choice,Where do you work? - Other [please explain below] - Text,"What counties does your organization serve? If you're not sure what counties your organization serves, please consult this map.",Please check all of the following methods by which you receive updates and information about opioid-involved overdoses and overdose clusters in your community. - Selected Choice,Please check all of the following methods by which you receive updates and information about opioid-involved overdoses and overdose clusters in your community. - Other [please include more information below] - Text,Which of the following in this list have you found to be MOST HELPFUL in terms of responding to opioid-involved overdoses in your community? - Selected Choice,Which of the following in this list have you found to be MOST HELPFUL in terms of responding to opioid-involved overdoses in your community? - Other [please include more information below] - Text,How do you/your organization respond to opioid-involved overdoses in your community? - Selected Choice,How do you/your organization respond to opioid-involved overdoses in your community? - Other [please explain below] - Text,Who in your organization receives updates and information about opioid-involved overdoses and overdose clusters in your community from the Connecticut Department of Public Health [CT DPH]?,Please check the funding sources your organization receives for your overdose prevention and response efforts.,Job types,Mismatch,Response type,Communication type most helpful,Overdose burden,Communication type most common,Communication passive active
518,TRUE,1/29/2024 8:22,R_3fZtcCqK1qP8i87,Harm reduction organization/SSP,,Litchfield,"ODMAP spike alert emails from Connecticut Department of Public Health [CT DPH],ODMAP spike alert emails from local health governance [e.g. local health department/health district],ODMAP spike alert text messages from local health governance,Review of ODMAP or other overdose data [e.g. EpiCenter],Regular messages [e.g. listserv] from local first responder agency,Regular messages [e.g. listserv] from opioid task force, prevention councils or other source,Text messages about overdoses [not from ODMAP],Phone calls about overdoses [not from ODMAP],Communication with colleagues,Communication with patients/clients,Insights from harm reduction services,Insights from nearby drug testing sites",,Insights from harm reduction services,,"Increased harm reduction supply distribution in affected areas [naloxone, fentanyl test strips etc],Notify people who use drugs about recent overdoses,Provide people who use drugs with harm reduction education [""don't use alone and go slow""],Inform the public about substances causing overdoses [e.g. fentanyl-contaminated crack] if known,Inform the public about overdoses,Investigate reasons for recent overdoses,Refer patients/clients to local drug testing sites,Other [please explain below]",Deflection Program with multiple police departments across the state.,"Leadership [executive director, administrative office, chief, mayor/selectman/town manager],Harm reduction van workers/street outreach,Client-facing staff,Other staff","Department of Mental Health and Addiction Services [DMHAS],Other harm reduction funding",SSPs and substance use treatment,No,Outreach to PWUD,Peer information sharing,Lower overdose burden,State alerts,Passive
391,TRUE,1/29/2024 8:35,R_13UbA5IFfxY4MsN,Harm reduction organization/SSP,,"Litchfield,Tolland,Windham,New Haven,New London,Hartford,Middlesex","ODMAP spike alert emails from Connecticut Department of Public Health [CT DPH],ODMAP spike alert emails from local health governance [e.g. local health department/health district],Review of ODMAP or other overdose data [e.g. EpiCenter],Regular messages [e.g. listserv] from opioid task force, prevention councils or other source,Text messages about overdoses [not from ODMAP],Communication with colleagues,Communication with patients/clients,Insights from harm reduction services,Insights from nearby drug testing sites",,Communication with colleagues,,"Increased harm reduction supply distribution in affected areas [naloxone, fentanyl test strips etc],Notify people who use drugs about recent overdoses,Provide people who use drugs with harm reduction education [""don't use alone and go slow""],Inform the public about substances causing overdoses [e.g. fentanyl-contaminated crack] if known,Increased surveillance of affected areas,Investigate reasons for recent overdoses,Modify or elevate preemptive overdose prevention protocols,Refer patients/clients to local drug testing sites",,"Leadership [executive director, administrative office, chief, mayor/selectman/town manager]","Department of Mental Health and Addiction Services [DMHAS],Department of Public Health [DPH],Other harm reduction funding",SSPs and substance use treatment,No,Outreach to PWUD,Peer information sharing,Lower overdose burden,State alerts,Passive
145,TRUE,1/29/2024 8:36,R_5p6lN8Mpj1uZPTi,Harm reduction organization/SSP,,"Fairfield,Litchfield,New Haven","ODMAP spike alert emails from Connecticut Department of Public Health [CT DPH],ODMAP spike alert emails from local health governance [e.g. local health department/health district],ODMAP spike alert text messages from local health governance,Review of ODMAP or other overdose data [e.g. EpiCenter],Regular messages [e.g. listserv] from local first responder agency,Regular messages [e.g. listserv] from opioid task force, prevention councils or other source,Text messages about overdoses [not from ODMAP],Communication with colleagues,Communication with patients/clients,Insights from harm reduction services,Insights from nearby drug testing sites",,ODMAP spike alert text messages from local health governance,,"Increased harm reduction supply distribution in affected areas [naloxone, fentanyl test strips etc],Notify people who use drugs about recent overdoses,Provide people who use drugs with harm reduction education [""don't use alone and go slow""],Inform the public about substances causing overdoses [e.g. fentanyl-contaminated crack] if known,Inform the public about overdoses,Be on higher alert for an influx of patients,Increased surveillance of affected areas,Investigate reasons for recent overdoses,Modify or elevate preemptive overdose prevention protocols,Refer patients/clients to local drug testing sites",,"Leadership [executive director, administrative office, chief, mayor/selectman/town manager],Harm reduction van workers/street outreach","Department of Mental Health and Addiction Services [DMHAS],Department of Public Health [DPH],Other harm reduction funding",SSPs and substance use treatment,No,Outreach to PWUD,Local alerts,Higher overdose burden,State alerts,Passive
155,TRUE,1/29/2024 8:47,R_7wlNQeYrXtpwm41,Substance use treatment program,,"Tolland,Hartford,Middlesex","Regular messages [e.g. listserv] from opioid task force, prevention councils or other source,Communication with colleagues,Communication with patients/clients,Insights from harm reduction services",,"Regular messages [e.g. listserv] from opioid task force, prevention councils or other source",,"Increased harm reduction supply distribution in affected areas [naloxone, fentanyl test strips etc],Notify people who use drugs about recent overdoses,Provide people who use drugs with harm reduction education [""don't use alone and go slow""]",,"Leadership [executive director, administrative office, chief, mayor/selectman/town manager],Harm reduction van workers/street outreach,Client-facing staff",Other harm reduction funding,SSPs and substance use treatment,No,Outreach to PWUD,Peer information sharing,Lower overdose burden,Peer information sharing,Collaborative
174,TRUE,1/29/2024 9:03,R_1lDikD03kBw9USD,"Local ambulance/EMS service,Hospital",,Hartford,"ODMAP spike alert emails from Connecticut Department of Public Health [CT DPH],Review of ODMAP or other overdose data [e.g. EpiCenter],Communication with colleagues",,Review of ODMAP or other overdose data [e.g. EpiCenter],,"Inform the public about substances causing overdoses [e.g. fentanyl-contaminated crack] if known,Investigate reasons for recent overdoses",,Emergency department,Department of Public Health [DPH],First responder,No,Informing the public,Platform information,Higher overdose burden,State alerts,Passive
106,TRUE,1/29/2024 9:20,R_1PLcT89Ub8pCPft,Local ambulance/EMS service,,New Haven,"ODMAP spike alert emails from Connecticut Department of Public Health [CT DPH],ODMAP spike alert emails from local health governance [e.g. local health department/health district],Review of ODMAP or other overdose data [e.g. EpiCenter],Regular messages [e.g. listserv] from opioid task force, prevention councils or other source,Communication with colleagues,Insights from nearby drug testing sites",,ODMAP spike alert emails from local health governance [e.g. local health department/health district],,"Increased harm reduction supply distribution in affected areas [naloxone, fentanyl test strips etc],Notify people who use drugs about recent overdoses,Provide people who use drugs with harm reduction education [""don't use alone and go slow""],Inform the public about substances causing overdoses [e.g. fentanyl-contaminated crack] if known,Inform the public about overdoses,Increased surveillance of affected areas,Investigate reasons for recent overdoses,Modify or elevate preemptive overdose prevention protocols,Refer patients/clients to local drug testing sites",,"Leadership [executive director, administrative office, chief, mayor/selectman/town manager]",Other harm reduction funding,First responder,No,Outreach to PWUD,Local alerts,Higher overdose burden,State alerts,Passive
378,TRUE,1/29/2024 9:24,R_61TqRjtxEMWTcJs,Other [please explain below],Healthcare adjacent (quality management),"Fairfield,Litchfield,Tolland,Windham,New Haven,New London,Hartford,Middlesex","ODMAP spike alert emails from Connecticut Department of Public Health [CT DPH],Regular messages [e.g. listserv] from opioid task force, prevention councils or other source",,"Regular messages [e.g. listserv] from opioid task force, prevention councils or other source",,Other [please explain below],share information with contacts,Other staff,My organization does not receive external funding for overdose prevention,Other,No,Other,Peer information sharing,Higher overdose burden,State alerts,Passive
206,TRUE,1/29/2024 11:49,R_5bIBPJp4O7hOUtx,Local health department/district,,Middlesex,"ODMAP spike alert emails from Connecticut Department of Public Health [CT DPH],Review of ODMAP or other overdose data [e.g. EpiCenter],Regular messages [e.g. listserv] from opioid task force, prevention councils or other source",,Review of ODMAP or other overdose data [e.g. EpiCenter],,My organization does not respond to overdoses,,"Leadership [executive director, administrative office, chief, mayor/selectman/town manager]",My organization does not receive external funding for overdose prevention,Government and health district,No,My organization does not respond to overdoses,Platform information,Lower overdose burden,State alerts,Passive
177,TRUE,1/29/2024 14:29,R_6LB5RJ0PHSFBIgH,Harm reduction organization/SSP,,New Haven,"ODMAP spike alert emails from local health governance [e.g. local health department/health district],Review of ODMAP or other overdose data [e.g. EpiCenter],Communication with colleagues,Communication with patients/clients,Insights from harm reduction services,Insights from nearby drug testing sites",,Phone calls from local health governance,,"Increased harm reduction supply distribution in affected areas [naloxone, fentanyl test strips etc],Notify people who use drugs about recent overdoses,Provide people who use drugs with harm reduction education [""don't use alone and go slow""],Inform the public about substances causing overdoses [e.g. fentanyl-contaminated crack] if known,Be on higher alert for an influx of patients",,"Leadership [executive director, administrative office, chief, mayor/selectman/town manager],Client-facing staff",My organization does not receive external funding for overdose prevention,SSPs and substance use treatment,Yes,Outreach to PWUD,Local alerts,Higher overdose burden,Platform information,Passive
169,TRUE,1/30/2024 9:24,R_3bVqt633eC6Fgm9,"Harm reduction organization/SSP,Other [please explain below]",Homelessness services provider,New Haven,"ODMAP spike alert emails from local health governance [e.g. local health department/health district],ODMAP spike alert text messages from local health governance,Review of ODMAP or other overdose data [e.g. EpiCenter],Regular messages [e.g. listserv] from opioid task force, prevention councils or other source,Phone calls from local health governance,Communication with colleagues,Communication with patients/clients,Insights from harm reduction services,Insights from nearby drug testing sites",,Communication with patients/clients,,"Increased harm reduction supply distribution in affected areas [naloxone, fentanyl test strips etc],Notify people who use drugs about recent overdoses,Provide people who use drugs with harm reduction education [""don't use alone and go slow""],Inform the public about substances causing overdoses [e.g. fentanyl-contaminated crack] if known,Inform the public about overdoses,Be on higher alert for an influx of patients,Increased surveillance of affected areas,Investigate reasons for recent overdoses,Modify or elevate preemptive overdose prevention protocols,Refer patients/clients to local drug testing sites",,"Leadership [executive director, administrative office, chief, mayor/selectman/town manager],Harm reduction van workers/street outreach,Client-facing staff",Other harm reduction funding,SSPs and substance use treatment,No,Outreach to PWUD,Client information sharing,Higher overdose burden,Platform information,Passive
982,TRUE,1/30/2024 14:27,R_65AvT0CmtEI60c3,State/federal government,,"Fairfield,Litchfield,Tolland,Windham,New Haven,New London,Hartford,Middlesex","ODMAP spike alert emails from Connecticut Department of Public Health [CT DPH],ODMAP spike alert emails from local health governance [e.g. local health department/health district],Review of ODMAP or other overdose data [e.g. EpiCenter],Text messages about overdoses [not from ODMAP],Communication with colleagues,Insights from harm reduction services",,Communication with colleagues,,"Increased harm reduction supply distribution in affected areas [naloxone, fentanyl test strips etc],Provide people who use drugs with harm reduction education [""don't use alone and go slow""],Inform the public about substances causing overdoses [e.g. fentanyl-contaminated crack] if known,Inform the public about overdoses,Investigate reasons for recent overdoses",,"Leadership [executive director, administrative office, chief, mayor/selectman/town manager],Other staff,First responders","Department of Mental Health and Addiction Services [DMHAS],Department of Public Health [DPH],Other harm reduction funding",Government and health district,No,Outreach to PWUD,Peer information sharing,Higher overdose burden,State alerts,Passive
180,TRUE,2/1/2024 11:56,R_6dNmNS5ezTRrjXw,Local government,,"Fairfield,Litchfield","Regular messages [e.g. listserv] from opioid task force, prevention councils or other source,Communication with colleagues,Insights from harm reduction services,Insights from nearby drug testing sites",,Communication with colleagues,,"Inform the public about substances causing overdoses [e.g. fentanyl-contaminated crack] if known,Inform the public about overdoses",,"Leadership [executive director, administrative office, chief, mayor/selectman/town manager],Other staff","Department of Mental Health and Addiction Services [DMHAS],Department of Public Health [DPH]",Government and health district,No,Informing the public,Peer information sharing,Higher overdose burden,Peer information sharing,Collaborative
167,TRUE,2/5/2024 7:51,R_5EN48NvRux1mJr3,Substance use treatment program,,Windham,"ODMAP spike alert emails from Connecticut Department of Public Health [CT DPH],Communication with patients/clients",,ODMAP spike alert emails from Connecticut Department of Public Health [CT DPH],,"Increased harm reduction supply distribution in affected areas [naloxone, fentanyl test strips etc],Notify people who use drugs about recent overdoses,Inform the public about substances causing overdoses [e.g. fentanyl-contaminated crack] if known",,"Leadership [executive director, administrative office, chief, mayor/selectman/town manager],Harm reduction van workers/street outreach,Other staff",Department of Mental Health and Addiction Services [DMHAS],SSPs and substance use treatment,No,Outreach to PWUD,State alerts,Lower overdose burden,State alerts,Passive
221,TRUE,2/5/2024 8:15,R_1ESeMg9wWPxb5RP,Other [please explain below],Drop in Center/food pantry,New London,"ODMAP spike alert emails from Connecticut Department of Public Health [CT DPH],ODMAP spike alert emails from local health governance [e.g. local health department/health district],Review of ODMAP or other overdose data [e.g. EpiCenter],Communication with patients/clients",,ODMAP spike alert emails from local health governance [e.g. local health department/health district],,"Increased harm reduction supply distribution in affected areas [naloxone, fentanyl test strips etc],Notify people who use drugs about recent overdoses,Provide people who use drugs with harm reduction education [""don't use alone and go slow""],Inform the public about substances causing overdoses [e.g. fentanyl-contaminated crack] if known,Inform the public about overdoses",,"Leadership [executive director, administrative office, chief, mayor/selectman/town manager],Harm reduction van workers/street outreach",My organization does not receive external funding for overdose prevention,Other,No,Outreach to PWUD,Local alerts,Higher overdose burden,State alerts,Passive
201,TRUE,2/6/2024 12:32,R_5FBhLsZNcT4JShj,Hospital,,Middlesex,"Regular messages [e.g. listserv] from opioid task force, prevention councils or other source",,"Regular messages [e.g. listserv] from opioid task force, prevention councils or other source",,Be on higher alert for an influx of patients,,"Other staff,Medical providers,Paramedics",My organization does not receive external funding for overdose prevention,First responder,No,Clinical and operational changes,Peer information sharing,Lower overdose burden,Peer information sharing,Passive
174,TRUE,2/6/2024 12:33,R_5K2ruR3jxn3GO8P,Harm reduction organization/SSP,,"Hartford,Middlesex","ODMAP spike alert text messages from local health governance,Review of ODMAP or other overdose data [e.g. EpiCenter],Communication with colleagues,Communication with patients/clients,Insights from harm reduction services",,Insights from harm reduction services,,"Increased harm reduction supply distribution in affected areas [naloxone, fentanyl test strips etc],Notify people who use drugs about recent overdoses,Provide people who use drugs with harm reduction education [""don't use alone and go slow""],Inform the public about substances causing overdoses [e.g. fentanyl-contaminated crack] if known,Inform the public about overdoses,Increased surveillance of affected areas,Modify or elevate preemptive overdose prevention protocols",,"Leadership [executive director, administrative office, chief, mayor/selectman/town manager],Harm reduction van workers/street outreach,Client-facing staff",Other harm reduction funding,SSPs and substance use treatment,No,Outreach to PWUD,Peer information sharing,Higher overdose burden,Platform information,Passive
189,TRUE,2/6/2024 12:39,R_1kOoTNa01ssZ1rX,Other [please explain below],Social Services,Middlesex,"ODMAP spike alert emails from Connecticut Department of Public Health [CT DPH],Review of ODMAP or other overdose data [e.g. EpiCenter],Regular messages [e.g. listserv] from opioid task force, prevention councils or other source,Communication with colleagues,Insights from harm reduction services",,Communication with colleagues,,Notify people who use drugs about recent overdoses,,"Leadership [executive director, administrative office, chief, mayor/selectman/town manager],Client-facing staff",Department of Mental Health and Addiction Services [DMHAS],Other,No,Outreach to PWUD,Peer information sharing,Lower overdose burden,State alerts,Passive
140,TRUE,2/6/2024 12:55,R_5D1uItcuDcAd1GV,Local ambulance/EMS service,,"New Haven,Hartford,Middlesex",ODMAP spike alert emails from Connecticut Department of Public Health [CT DPH],,Review of ODMAP or other overdose data [e.g. EpiCenter],,"Increased harm reduction supply distribution in affected areas [naloxone, fentanyl test strips etc],Notify people who use drugs about recent overdoses,Provide people who use drugs with harm reduction education [""don't use alone and go slow""],Inform the public about substances causing overdoses [e.g. fentanyl-contaminated crack] if known",,"Leadership [executive director, administrative office, chief, mayor/selectman/town manager],Medical providers,Paramedics,Emergency dispatch",Department of Public Health [DPH],First responder,Yes,Outreach to PWUD,Platform information,Higher overdose burden,State alerts,Passive
245,TRUE,2/6/2024 12:56,R_5zkGL5f7xUVISnD,Local health department/district,,New London,"ODMAP spike alert emails from Connecticut Department of Public Health [CT DPH],Review of ODMAP or other overdose data [e.g. EpiCenter]",,Review of ODMAP or other overdose data [e.g. EpiCenter],,"Increased harm reduction supply distribution in affected areas [naloxone, fentanyl test strips etc],Provide people who use drugs with harm reduction education [""don't use alone and go slow""],Inform the public about substances causing overdoses [e.g. fentanyl-contaminated crack] if known",,"Harm reduction van workers/street outreach,Other staff",Other harm reduction funding,Government and health district,No,Outreach to PWUD,Platform information,Higher overdose burden,State alerts,Passive
280,TRUE,2/6/2024 12:57,R_5DXOcxvCGkN8hlm,Local health department/district,,New London,"ODMAP spike alert emails from local health governance [e.g. local health department/health district],Review of ODMAP or other overdose data [e.g. EpiCenter],Regular messages [e.g. listserv] from opioid task force, prevention councils or other source,Phone calls from CT DPH,Communication with colleagues",,Phone calls from CT DPH,,Other [please explain below],Communication with first responders and healthcare personnel,"Leadership [executive director, administrative office, chief, mayor/selectman/town manager],Other staff",Department of Public Health [DPH],Government and health district,No,Other,State alerts,Higher overdose burden,Platform information,Passive
322,TRUE,2/6/2024 12:58,R_6m8pSMOOixCFSBX,Substance use treatment program,,"Fairfield,Windham,New Haven,New London,Hartford,Middlesex","ODMAP spike alert emails from Connecticut Department of Public Health [CT DPH],ODMAP spike alert emails from local health governance [e.g. local health department/health district],Review of ODMAP or other overdose data [e.g. EpiCenter],Communication with colleagues,Communication with patients/clients,Insights from harm reduction services",,Communication with colleagues,,"Increased harm reduction supply distribution in affected areas [naloxone, fentanyl test strips etc],Provide people who use drugs with harm reduction education [""don't use alone and go slow""],Inform the public about substances causing overdoses [e.g. fentanyl-contaminated crack] if known,Inform the public about overdoses,Investigate reasons for recent overdoses",,"Leadership [executive director, administrative office, chief, mayor/selectman/town manager],Harm reduction van workers/street outreach,Client-facing staff,Medical providers,First responders,I am not sure","Department of Mental Health and Addiction Services [DMHAS],Department of Public Health [DPH],Other harm reduction funding",SSPs and substance use treatment,No,Outreach to PWUD,Peer information sharing,Higher overdose burden,State alerts,Passive
119,TRUE,2/6/2024 13:19,R_7yXe6iWr4GCeatz,Substance use treatment program,,Middlesex,"ODMAP spike alert emails from Connecticut Department of Public Health [CT DPH],ODMAP spike alert emails from local health governance [e.g. local health department/health district],ODMAP spike alert text messages from local health governance,Review of ODMAP or other overdose data [e.g. EpiCenter],Regular messages [e.g. listserv] from local first responder agency,Regular messages [e.g. listserv] from opioid task force, prevention councils or other source,Communication with colleagues,Insights from harm reduction services,Insights from nearby drug testing sites",,ODMAP spike alert emails from Connecticut Department of Public Health [CT DPH],,"Increased harm reduction supply distribution in affected areas [naloxone, fentanyl test strips etc],Be on higher alert for an influx of patients",,"Leadership [executive director, administrative office, chief, mayor/selectman/town manager],Harm reduction van workers/street outreach,Client-facing staff,Medical providers",Department of Public Health [DPH],SSPs and substance use treatment,No,Outreach to PWUD,State alerts,Lower overdose burden,State alerts,Passive
209,TRUE,2/6/2024 13:30,R_1msYZgZYRudcyBb,Other [please explain below],Non-Profit organization helping people with addiction and recovery ,"Windham,New London","Review of ODMAP or other overdose data [e.g. EpiCenter],Communication with colleagues,Communication with patients/clients,Insights from harm reduction services",,"Regular messages [e.g. listserv] from opioid task force, prevention councils or other source",,"Notify people who use drugs about recent overdoses,Provide people who use drugs with harm reduction education [""don't use alone and go slow""],Inform the public about substances causing overdoses [e.g. fentanyl-contaminated crack] if known,Inform the public about overdoses",,"Leadership [executive director, administrative office, chief, mayor/selectman/town manager]",Other harm reduction funding,Other,Yes,Outreach to PWUD,Peer information sharing,Lower overdose burden,Platform information,Passive
70,TRUE,2/6/2024 13:31,R_13yDl1KSWnJPX33,"Local ambulance/EMS service,Harm reduction organization/SSP",,Middlesex,"ODMAP spike alert emails from local health governance [e.g. local health department/health district],Communication with colleagues,Communication with patients/clients,Insights from harm reduction services",,ODMAP spike alert emails from local health governance [e.g. local health department/health district],,"Increased harm reduction supply distribution in affected areas [naloxone, fentanyl test strips etc],Notify people who use drugs about recent overdoses,Provide people who use drugs with harm reduction education [""don't use alone and go slow""],Inform the public about substances causing overdoses [e.g. fentanyl-contaminated crack] if known,Inform the public about overdoses,Be on higher alert for an influx of patients,Increased surveillance of affected areas,Investigate reasons for recent overdoses",,"Leadership [executive director, administrative office, chief, mayor/selectman/town manager],Harm reduction van workers/street outreach,First responders",Other harm reduction funding,First responder,No,Outreach to PWUD,Local alerts,Lower overdose burden,Peer information sharing,Collaborative
229,TRUE,2/6/2024 13:34,R_1M5yqIgBrJ7JbvH,"Substance use treatment program,Harm reduction organization/SSP",,"Windham,New London,Hartford","ODMAP spike alert emails from Connecticut Department of Public Health [CT DPH],ODMAP spike alert text messages from local health governance,Review of ODMAP or other overdose data [e.g. EpiCenter],Communication with colleagues,Communication with patients/clients,Insights from harm reduction services",,ODMAP spike alert emails from Connecticut Department of Public Health [CT DPH],,"Increased harm reduction supply distribution in affected areas [naloxone, fentanyl test strips etc],Notify people who use drugs about recent overdoses,Provide people who use drugs with harm reduction education [""don't use alone and go slow""],Inform the public about substances causing overdoses [e.g. fentanyl-contaminated crack] if known",,"Leadership [executive director, administrative office, chief, mayor/selectman/town manager],Harm reduction van workers/street outreach","Department of Mental Health and Addiction Services [DMHAS],Department of Public Health [DPH],Other harm reduction funding",SSPs and substance use treatment,No,Outreach to PWUD,State alerts,Lower overdose burden,State alerts,Passive
993,TRUE,2/6/2024 13:36,R_6VCRiXd8IjcQC1d,Local health department/district,,New London,Review of ODMAP or other overdose data [e.g. EpiCenter],,Review of ODMAP or other overdose data [e.g. EpiCenter],,Inform the public about overdoses,,"Leadership [executive director, administrative office, chief, mayor/selectman/town manager]","Department of Mental Health and Addiction Services [DMHAS],Department of Public Health [DPH]",Government and health district,No,Informing the public,Platform information,Higher overdose burden,Platform information,Passive
163,TRUE,2/6/2024 13:37,R_73UILRWZ5ljiMsx,Local health department/district,,New London,"ODMAP spike alert emails from Connecticut Department of Public Health [CT DPH],Regular messages [e.g. listserv] from opioid task force, prevention councils or other source,Phone calls from CT DPH,Phone calls about overdoses [not from ODMAP],Communication with colleagues,Communication with patients/clients,Insights from harm reduction services",,Insights from harm reduction services,,"Increased harm reduction supply distribution in affected areas [naloxone, fentanyl test strips etc],Notify people who use drugs about recent overdoses,Provide people who use drugs with harm reduction education [""don't use alone and go slow""],Inform the public about substances causing overdoses [e.g. fentanyl-contaminated crack] if known,Be on higher alert for an influx of patients,Modify or elevate preemptive overdose prevention protocols,Refer patients/clients to local drug testing sites",,"Leadership [executive director, administrative office, chief, mayor/selectman/town manager],Harm reduction van workers/street outreach,Other staff",Department of Public Health [DPH],Government and health district,No,Outreach to PWUD,Peer information sharing,Higher overdose burden,State alerts,Passive
208,TRUE,2/6/2024 14:04,R_1bWBUhys5cGJCEF,Local health department/district,,"Tolland,New London,Hartford,Middlesex","ODMAP spike alert emails from Connecticut Department of Public Health [CT DPH],Review of ODMAP or other overdose data [e.g. EpiCenter],Regular messages [e.g. listserv] from opioid task force, prevention councils or other source,Communication with colleagues",,"Regular messages [e.g. listserv] from opioid task force, prevention councils or other source",,"Inform the public about substances causing overdoses [e.g. fentanyl-contaminated crack] if known,Inform the public about overdoses",,"Leadership [executive director, administrative office, chief, mayor/selectman/town manager],Other staff",Other harm reduction funding,Government and health district,No,Informing the public,Peer information sharing,Lower overdose burden,State alerts,Passive
228,TRUE,2/6/2024 14:06,R_5R43T8c3R9fZ25M,Harm reduction organization/SSP,,New London,"ODMAP spike alert emails from Connecticut Department of Public Health [CT DPH],ODMAP spike alert emails from local health governance [e.g. local health department/health district],ODMAP spike alert text messages from local health governance,Review of ODMAP or other overdose data [e.g. EpiCenter],Regular messages [e.g. listserv] from opioid task force, prevention councils or other source,Text messages about overdoses [not from ODMAP],Communication with colleagues,Communication with patients/clients,Insights from harm reduction services",,Insights from harm reduction services,,"Increased harm reduction supply distribution in affected areas [naloxone, fentanyl test strips etc],Notify people who use drugs about recent overdoses,Provide people who use drugs with harm reduction education [""don't use alone and go slow""],Inform the public about substances causing overdoses [e.g. fentanyl-contaminated crack] if known,Inform the public about overdoses,Increased surveillance of affected areas",,"Leadership [executive director, administrative office, chief, mayor/selectman/town manager],Harm reduction van workers/street outreach,Client-facing staff,Other staff","Department of Mental Health and Addiction Services [DMHAS],Department of Public Health [DPH],Other harm reduction funding",SSPs and substance use treatment,No,Outreach to PWUD,Peer information sharing,Higher overdose burden,State alerts,Passive
244,TRUE,2/6/2024 14:16,R_51nEKq7pv8dtz8M,Hospital,,Middlesex,"Regular messages [e.g. listserv] from opioid task force, prevention councils or other source",,"Regular messages [e.g. listserv] from opioid task force, prevention councils or other source",,"Provide people who use drugs with harm reduction education [""don't use alone and go slow""],Be on higher alert for an influx of patients,Modify or elevate preemptive overdose prevention protocols",,I am not sure,,First responder,No,Outreach to PWUD,Peer information sharing,Lower overdose burden,Peer information sharing,Passive
157,TRUE,2/6/2024 14:44,R_5KPtlPsFGgiGYjD,"Substance use treatment program,Harm reduction organization/SSP",,Windham,"ODMAP spike alert emails from local health governance [e.g. local health department/health district],Phone calls from CT DPH,Communication with colleagues,Communication with patients/clients",,Regular messages [e.g. listserv] from local first responder agency,,"Increased harm reduction supply distribution in affected areas [naloxone, fentanyl test strips etc],Notify people who use drugs about recent overdoses,Provide people who use drugs with harm reduction education [""don't use alone and go slow""]",,Harm reduction van workers/street outreach,Department of Mental Health and Addiction Services [DMHAS],SSPs and substance use treatment,Yes,Outreach to PWUD,Peer information sharing,Lower overdose burden,State alerts,Collaborative
510,TRUE,2/6/2024 15:48,R_3DfvPFmclXZmfdv,Other [please explain below],Federally Qualified Health Center,"Fairfield,New Haven,New London,Hartford,Middlesex","Regular messages [e.g. listserv] from opioid task force, prevention councils or other source,Phone calls from CT DPH,Communication with colleagues,Communication with patients/clients,Insights from harm reduction services",,"Regular messages [e.g. listserv] from opioid task force, prevention councils or other source",,"Provide people who use drugs with harm reduction education [""don't use alone and go slow""],Be on higher alert for an influx of patients,Refer patients/clients to local drug testing sites",,"Leadership [executive director, administrative office, chief, mayor/selectman/town manager],Medical providers",Department of Public Health [DPH],Other,No,Outreach to PWUD,Peer information sharing,Higher overdose burden,State alerts,Collaborative
150,TRUE,2/7/2024 5:52,R_77OPbjxTBp5ZBbY,"Substance use treatment program,Harm reduction organization/SSP",,Middlesex,"ODMAP spike alert emails from Connecticut Department of Public Health [CT DPH],Review of ODMAP or other overdose data [e.g. EpiCenter],Regular messages [e.g. listserv] from local first responder agency,Regular messages [e.g. listserv] from opioid task force, prevention councils or other source,Communication with patients/clients,Insights from harm reduction services",,Communication with patients/clients,,"Increased harm reduction supply distribution in affected areas [naloxone, fentanyl test strips etc],Notify people who use drugs about recent overdoses,Provide people who use drugs with harm reduction education [""don't use alone and go slow""],Inform the public about substances causing overdoses [e.g. fentanyl-contaminated crack] if known,Modify or elevate preemptive overdose prevention protocols",,"Leadership [executive director, administrative office, chief, mayor/selectman/town manager],Client-facing staff,Medical providers",My organization does not receive external funding for overdose prevention,SSPs and substance use treatment,No,Outreach to PWUD,Client information sharing,Lower overdose burden,State alerts,Passive
186,TRUE,2/7/2024 7:10,R_7ax9SQLKCTXXBMf,Harm reduction organization/SSP,,"Fairfield,Litchfield,Tolland,Windham,New Haven,New London,Hartford,Middlesex","Communication with colleagues,Communication with patients/clients,Insights from harm reduction services",,Communication with colleagues,,"Increased harm reduction supply distribution in affected areas [naloxone, fentanyl test strips etc],Notify people who use drugs about recent overdoses,Increased surveillance of affected areas",,"Leadership [executive director, administrative office, chief, mayor/selectman/town manager]",Department of Mental Health and Addiction Services [DMHAS],SSPs and substance use treatment,No,Outreach to PWUD,Peer information sharing,Higher overdose burden,Peer information sharing,Collaborative
206,TRUE,2/7/2024 7:32,R_7rDoHpB1846ROLj,Other [please explain below],RBHAO,"Windham,New London","Review of ODMAP or other overdose data [e.g. EpiCenter],Regular messages [e.g. listserv] from opioid task force, prevention councils or other source,Communication with colleagues",,Communication with colleagues,,"Inform the public about substances causing overdoses [e.g. fentanyl-contaminated crack] if known,Inform the public about overdoses,Other [please explain below]",Prevention efforts ,Other staff,My organization does not receive external funding for overdose prevention,Other,No,Informing the public,Peer information sharing,Lower overdose burden,Platform information,Passive
353,TRUE,2/7/2024 7:53,R_3Yy3njMM9nBQPMT,Substance use treatment program,,New London,"Review of ODMAP or other overdose data [e.g. EpiCenter],Regular messages [e.g. listserv] from local first responder agency,Regular messages [e.g. listserv] from opioid task force, prevention councils or other source,Phone calls from local health governance,Communication with colleagues,Communication with patients/clients,Insights from harm reduction services,Insights from nearby drug testing sites",,"Regular messages [e.g. listserv] from opioid task force, prevention councils or other source",,"Notify people who use drugs about recent overdoses,Provide people who use drugs with harm reduction education [""don't use alone and go slow""],Inform the public about substances causing overdoses [e.g. fentanyl-contaminated crack] if known,Inform the public about overdoses,Increased surveillance of affected areas,Investigate reasons for recent overdoses,Modify or elevate preemptive overdose prevention protocols",,"Leadership [executive director, administrative office, chief, mayor/selectman/town manager],Harm reduction van workers/street outreach,Client-facing staff,Other staff,Medical providers,First responders,Paramedics","Department of Mental Health and Addiction Services [DMHAS],Department of Public Health [DPH]",SSPs and substance use treatment,No,Outreach to PWUD,Peer information sharing,Higher overdose burden,Platform information,Passive
212,TRUE,2/7/2024 8:39,R_1CUr25pshH1RUkL,State/federal government,,Fairfield,Communication with colleagues,,I don’t receive updates or information about overdoses,,"Provide people who use drugs with harm reduction education [""don't use alone and go slow""]",,I am not sure,My organization does not receive external funding for overdose prevention,Government and health district,Yes,Outreach to PWUD,I don't receive updates or information about overdoses,Higher overdose burden,Peer information sharing,Collaborative
102,TRUE,2/7/2024 9:21,R_1sSzv1Gb4qEC5ev,Other [please explain below],,Hartford,I don’t receive updates or information about overdoses,,I don’t receive updates or information about overdoses,,"Increased harm reduction supply distribution in affected areas [naloxone, fentanyl test strips etc]",,I am not sure,,Other,No,Outreach to PWUD,I don't receive updates or information about overdoses,Higher overdose burden,I don't receive updates or information about ODs,I don't receive updates or information about overdoses
297,TRUE,2/7/2024 9:47,R_6CEI6L4Iqjodp7Q,Police department,,Hartford,I don’t receive updates or information about overdoses,,I don’t receive updates or information about overdoses,,"Notify people who use drugs about recent overdoses,Investigate reasons for recent overdoses,Refer patients/clients to local drug testing sites,Other [please explain below]",Use narcan on people overdosing ,"Leadership [executive director, administrative office, chief, mayor/selectman/town manager],Paramedics",,First responder,No,Outreach to PWUD,I don't receive updates or information about overdoses,Higher overdose burden,I don't receive updates or information about ODs,I don't receive updates or information about overdoses
149,TRUE,2/7/2024 10:01,R_1FIlxai3TmbN4Cy,Other [please explain below],Community College,"Hartford,Middlesex","ODMAP spike alert emails from Connecticut Department of Public Health [CT DPH],ODMAP spike alert emails from local health governance [e.g. local health department/health district],Regular messages [e.g. listserv] from opioid task force, prevention councils or other source,Communication with colleagues,Insights from harm reduction services",,"Regular messages [e.g. listserv] from opioid task force, prevention councils or other source",,My organization does not respond to overdoses,,"Leadership [executive director, administrative office, chief, mayor/selectman/town manager]",My organization does not receive external funding for overdose prevention,Other,No,My organization does not respond to overdoses,Peer information sharing,Higher overdose burden,State alerts,Passive
118,TRUE,2/7/2024 10:01,R_5aIxuirrWn9whPa,Other [please explain below],prevention,New Haven,Communication with patients/clients,,Communication with colleagues,,"Increased harm reduction supply distribution in affected areas [naloxone, fentanyl test strips etc]",,Organization does not receive information from CT DPH,Department of Mental Health and Addiction Services [DMHAS],Other,Yes,Outreach to PWUD,Peer information sharing,Higher overdose burden,Client information sharing,Collaborative
1935,TRUE,2/7/2024 10:25,R_7hYAbQQ35a7eOKu,"Local government,Other [please explain below]",substance use prevention organization,New London,Communication with colleagues,,I don’t receive updates or information about overdoses,,"Increased harm reduction supply distribution in affected areas [naloxone, fentanyl test strips etc],Provide people who use drugs with harm reduction education [""don't use alone and go slow""],Inform the public about substances causing overdoses [e.g. fentanyl-contaminated crack] if known,Increased surveillance of affected areas,Investigate reasons for recent overdoses,Other [please explain below]",Recovery Coach follow-ups,"Leadership [executive director, administrative office, chief, mayor/selectman/town manager]",Other harm reduction funding,Government and health district,Yes,Outreach to PWUD,I don't receive updates or information about overdoses,Higher overdose burden,Peer information sharing,Collaborative
2352,TRUE,2/7/2024 11:12,R_7MbC4IQruTeO3Yi,Local health department/district,,New London,"Regular messages [e.g. listserv] from opioid task force, prevention councils or other source",,"Regular messages [e.g. listserv] from opioid task force, prevention councils or other source",,"Be on higher alert for an influx of patients,Other [please explain below]",Create awareness to our staff,I am not sure,My organization does not receive external funding for overdose prevention,Government and health district,No,Clinical and operational changes,Peer information sharing,Higher overdose burden,Peer information sharing,Passive
210,TRUE,2/7/2024 13:56,R_3DLBeQ3bDdcL5GE,Other [please explain below],Norwich Human Services,New London,"Communication with colleagues,Insights from harm reduction services",,Insights from harm reduction services,,"Increased harm reduction supply distribution in affected areas [naloxone, fentanyl test strips etc],Provide people who use drugs with harm reduction education [""don't use alone and go slow""],Inform the public about substances causing overdoses [e.g. fentanyl-contaminated crack] if known,Inform the public about overdoses,Modify or elevate preemptive overdose prevention protocols,Refer patients/clients to local drug testing sites",,"Leadership [executive director, administrative office, chief, mayor/selectman/town manager],Harm reduction van workers/street outreach,Other staff,First responders,Paramedics","Department of Mental Health and Addiction Services [DMHAS],Department of Public Health [DPH]",Other,No,Outreach to PWUD,Peer information sharing,Higher overdose burden,Peer information sharing,Collaborative
169,TRUE,2/7/2024 14:15,R_1Q48KZHM0thhPZ8,Harm reduction organization/SSP,,New London,"Review of ODMAP or other overdose data [e.g. EpiCenter],Communication with colleagues,Communication with patients/clients,Insights from harm reduction services,Insights from nearby drug testing sites",,Review of ODMAP or other overdose data [e.g. EpiCenter],,"Increased harm reduction supply distribution in affected areas [naloxone, fentanyl test strips etc],Notify people who use drugs about recent overdoses,Provide people who use drugs with harm reduction education [""don't use alone and go slow""],Increased surveillance of affected areas,Investigate reasons for recent overdoses,Modify or elevate preemptive overdose prevention protocols,Refer patients/clients to local drug testing sites",,Other staff,Department of Public Health [DPH],SSPs and substance use treatment,No,Outreach to PWUD,Platform information,Higher overdose burden,Platform information,Passive
245,TRUE,2/8/2024 7:30,R_6CI3a4jivtOTchD,Local health department/district,,New London,"ODMAP spike alert emails from Connecticut Department of Public Health [CT DPH],Review of ODMAP or other overdose data [e.g. EpiCenter],Regular messages [e.g. listserv] from local first responder agency,Communication with colleagues,Insights from harm reduction services",,Review of ODMAP or other overdose data [e.g. EpiCenter],,"Increased harm reduction supply distribution in affected areas [naloxone, fentanyl test strips etc],Notify people who use drugs about recent overdoses,Provide people who use drugs with harm reduction education [""don't use alone and go slow""],Inform the public about substances causing overdoses [e.g. fentanyl-contaminated crack] if known,Increased surveillance of affected areas,Other [please explain below]","Our navigators will use the ODMAP data and go to the neighborhoods where the overdose spikes occurred, to conduct outreach.",Organization does not receive information from CT DPH,"Department of Mental Health and Addiction Services [DMHAS],Department of Public Health [DPH],Other harm reduction funding",Government and health district,No,Outreach to PWUD,Platform information,Higher overdose burden,State alerts,Passive
219,TRUE,2/16/2024 7:54,R_5TXzN4ZM5lnwvNo,Local health department/district,,New Haven,Review of ODMAP or other overdose data [e.g. EpiCenter],,Review of ODMAP or other overdose data [e.g. EpiCenter],,"Notify people who use drugs about recent overdoses,Provide people who use drugs with harm reduction education [""don't use alone and go slow""],Inform the public about substances causing overdoses [e.g. fentanyl-contaminated crack] if known,Inform the public about overdoses,Increased surveillance of affected areas,Investigate reasons for recent overdoses,Refer patients/clients to local drug testing sites",,I am not sure,Other harm reduction funding,Government and health district,No,Outreach to PWUD,Platform information,Higher overdose burden,Platform information,Passive
198,TRUE,2/16/2024 7:54,R_7FOOir9IyPRKzrW,Other [please explain below],pharmacy,"Fairfield,Litchfield,Tolland,Windham,New Haven,New London,Hartford,Middlesex","Communication with colleagues,Communication with patients/clients",,Communication with patients/clients,,Other [please explain below],provides medication,Other staff,Other harm reduction funding,Other,No,Other,Client information sharing,Higher overdose burden,Peer information sharing,Collaborative
217,TRUE,2/16/2024 7:58,R_6hna3B3URStLPbP,Substance use treatment program,,New Haven,"Communication with colleagues,Insights from harm reduction services",,,,"Increased harm reduction supply distribution in affected areas [naloxone, fentanyl test strips etc],Be on higher alert for an influx of patients,Investigate reasons for recent overdoses,Modify or elevate preemptive overdose prevention protocols",,"Harm reduction van workers/street outreach,Organization does not receive information from CT DPH",Department of Mental Health and Addiction Services [DMHAS],SSPs and substance use treatment,Yes,Outreach to PWUD,,Higher overdose burden,Peer information sharing,Collaborative
151,TRUE,2/16/2024 8:03,R_7wkxycdH7kfBKlH,Harm reduction organization/SSP,,New Haven,"ODMAP spike alert emails from Connecticut Department of Public Health [CT DPH],ODMAP spike alert emails from local health governance [e.g. local health department/health district],Communication with patients/clients,Insights from harm reduction services,Insights from nearby drug testing sites",,Insights from nearby drug testing sites,,"Increased harm reduction supply distribution in affected areas [naloxone, fentanyl test strips etc],Notify people who use drugs about recent overdoses,Provide people who use drugs with harm reduction education [""don't use alone and go slow""],Inform the public about substances causing overdoses [e.g. fentanyl-contaminated crack] if known,Inform the public about overdoses,Refer patients/clients to local drug testing sites",,"Leadership [executive director, administrative office, chief, mayor/selectman/town manager],Harm reduction van workers/street outreach,Client-facing staff,Other staff,Medical providers",Other harm reduction funding,SSPs and substance use treatment,No,Outreach to PWUD,Peer information sharing,Higher overdose burden,State alerts,Passive
230,TRUE,2/16/2024 8:45,R_3Sc2goaFVxUZa2O,Other [please explain below],Homeless shelter,New Haven,Communication with colleagues,,,,"Notify people who use drugs about recent overdoses,Provide people who use drugs with harm reduction education [""don't use alone and go slow""],Increased surveillance of affected areas",,I am not sure,My organization does not receive external funding for overdose prevention,Other,Yes,Outreach to PWUD,,Higher overdose burden,Peer information sharing,Collaborative
247,TRUE,2/16/2024 9:27,R_6Dqzxg4LWIemKFz,Fire department,,New Haven,"ODMAP spike alert emails from Connecticut Department of Public Health [CT DPH],ODMAP spike alert emails from local health governance [e.g. local health department/health district],ODMAP spike alert text messages from local health governance,Regular messages [e.g. listserv] from local first responder agency,Text messages about overdoses [not from ODMAP],Insights from harm reduction services",,Regular messages [e.g. listserv] from local first responder agency,,"Inform the public about substances causing overdoses [e.g. fentanyl-contaminated crack] if known,Inform the public about overdoses,Investigate reasons for recent overdoses",,"Leadership [executive director, administrative office, chief, mayor/selectman/town manager],Other staff",My organization does not receive external funding for overdose prevention,First responder,No,Informing the public,Peer information sharing,Higher overdose burden,State alerts,Passive
201,TRUE,2/16/2024 11:57,R_7GBMRn2ZxAev2VF,Harm reduction organization/SSP,,New Haven,"ODMAP spike alert emails from Connecticut Department of Public Health [CT DPH],ODMAP spike alert emails from local health governance [e.g. local health department/health district],ODMAP spike alert text messages from local health governance,Review of ODMAP or other overdose data [e.g. EpiCenter],Communication with colleagues,Communication with patients/clients,Insights from harm reduction services,Insights from nearby drug testing sites",,ODMAP spike alert emails from local health governance [e.g. local health department/health district],,"Increased harm reduction supply distribution in affected areas [naloxone, fentanyl test strips etc],Notify people who use drugs about recent overdoses,Provide people who use drugs with harm reduction education [""don't use alone and go slow""],Be on higher alert for an influx of patients,Increased surveillance of affected areas,Modify or elevate preemptive overdose prevention protocols,Refer patients/clients to local drug testing sites",,"Leadership [executive director, administrative office, chief, mayor/selectman/town manager]",My organization does not receive external funding for overdose prevention,SSPs and substance use treatment,No,Outreach to PWUD,Local alerts,Higher overdose burden,State alerts,Passive
238,TRUE,2/16/2024 14:11,R_7scddokYjptMxy3,Hospital,,New Haven,"ODMAP spike alert emails from Connecticut Department of Public Health [CT DPH],Review of ODMAP or other overdose data [e.g. EpiCenter],Phone calls from local health governance,Phone calls about overdoses [not from ODMAP],Communication with colleagues",,Communication with colleagues,,"Increased harm reduction supply distribution in affected areas [naloxone, fentanyl test strips etc],Provide people who use drugs with harm reduction education [""don't use alone and go slow""],Inform the public about substances causing overdoses [e.g. fentanyl-contaminated crack] if known,Inform the public about overdoses,Be on higher alert for an influx of patients,Investigate reasons for recent overdoses",,"First responders,Emergency department",Department of Public Health [DPH],First responder,No,Outreach to PWUD,Peer information sharing,Higher overdose burden,State alerts,Passive
170,TRUE,2/17/2024 5:15,R_52okPhfZqIEzo93,State/federal government,,"Fairfield,Litchfield,Tolland,Windham,New Haven,New London,Hartford,Middlesex","Communication with colleagues,Communication with patients/clients",,Communication with colleagues,,"Increased harm reduction supply distribution in affected areas [naloxone, fentanyl test strips etc],Provide people who use drugs with harm reduction education [""don't use alone and go slow""],Inform the public about substances causing overdoses [e.g. fentanyl-contaminated crack] if known,Inform the public about overdoses,Be on higher alert for an influx of patients,Investigate reasons for recent overdoses,Modify or elevate preemptive overdose prevention protocols,Refer patients/clients to local drug testing sites",,I am not sure,Other harm reduction funding,Government and health district,No,Outreach to PWUD,Peer information sharing,Higher overdose burden,Peer information sharing,Collaborative
182,TRUE,2/18/2024 18:35,R_7E4doih6NfmKDiN,Substance use treatment program,,New Haven,"ODMAP spike alert emails from Connecticut Department of Public Health [CT DPH],Regular messages [e.g. listserv] from opioid task force, prevention councils or other source",,ODMAP spike alert emails from Connecticut Department of Public Health [CT DPH],,"Notify people who use drugs about recent overdoses,Provide people who use drugs with harm reduction education [""don't use alone and go slow""]",,"Leadership [executive director, administrative office, chief, mayor/selectman/town manager],Client-facing staff,Medical providers","Department of Mental Health and Addiction Services [DMHAS],Department of Public Health [DPH]",SSPs and substance use treatment,No,Outreach to PWUD,State alerts,Higher overdose burden,State alerts,Passive
176,TRUE,2/19/2024 10:23,R_3IadbGOCfFLPETs,Harm reduction organization/SSP,,"Fairfield,New Haven,Hartford,Middlesex","ODMAP spike alert emails from Connecticut Department of Public Health [CT DPH],ODMAP spike alert emails from local health governance [e.g. local health department/health district],Communication with colleagues,Communication with patients/clients",,ODMAP spike alert emails from Connecticut Department of Public Health [CT DPH],,"Increased harm reduction supply distribution in affected areas [naloxone, fentanyl test strips etc],Notify people who use drugs about recent overdoses,Provide people who use drugs with harm reduction education [""don't use alone and go slow""],Inform the public about substances causing overdoses [e.g. fentanyl-contaminated crack] if known,Inform the public about overdoses,Be on higher alert for an influx of patients,Refer patients/clients to local drug testing sites",,"Leadership [executive director, administrative office, chief, mayor/selectman/town manager],Harm reduction van workers/street outreach,Client-facing staff,Other staff",Department of Mental Health and Addiction Services [DMHAS],SSPs and substance use treatment,No,Outreach to PWUD,State alerts,Higher overdose burden,State alerts,Passive
220,TRUE,2/19/2024 11:19,R_1j6WarUJeC0VtrJ,Harm reduction organization/SSP,,New Haven,"ODMAP spike alert emails from Connecticut Department of Public Health [CT DPH],Communication with colleagues,Communication with patients/clients",,ODMAP spike alert emails from Connecticut Department of Public Health [CT DPH],,"Increased harm reduction supply distribution in affected areas [naloxone, fentanyl test strips etc],Notify people who use drugs about recent overdoses,Provide people who use drugs with harm reduction education [""don't use alone and go slow""],Inform the public about substances causing overdoses [e.g. fentanyl-contaminated crack] if known,Inform the public about overdoses,Refer patients/clients to local drug testing sites",,"Leadership [executive director, administrative office, chief, mayor/selectman/town manager],Harm reduction van workers/street outreach,Client-facing staff,Other staff,Medical providers","Department of Mental Health and Addiction Services [DMHAS],Department of Public Health [DPH]",SSPs and substance use treatment,No,Outreach to PWUD,State alerts,Higher overdose burden,State alerts,Passive
205,TRUE,2/20/2024 6:39,R_5f17noQUH1Dfy8U,Harm reduction organization/SSP,,New Haven,"ODMAP spike alert emails from Connecticut Department of Public Health [CT DPH],ODMAP spike alert emails from local health governance [e.g. local health department/health district],Communication with colleagues,Communication with patients/clients,Insights from harm reduction services,Insights from nearby drug testing sites",,ODMAP spike alert emails from local health governance [e.g. local health department/health district],,"Increased harm reduction supply distribution in affected areas [naloxone, fentanyl test strips etc],Notify people who use drugs about recent overdoses,Provide people who use drugs with harm reduction education [""don't use alone and go slow""],Inform the public about substances causing overdoses [e.g. fentanyl-contaminated crack] if known,Investigate reasons for recent overdoses",,"Leadership [executive director, administrative office, chief, mayor/selectman/town manager],Harm reduction van workers/street outreach,Client-facing staff",Department of Public Health [DPH],SSPs and substance use treatment,No,Outreach to PWUD,Local alerts,Higher overdose burden,State alerts,Passive
379,TRUE,2/20/2024 7:26,R_5O1VOxnwgSsTYbb,Local health department/district,,New Haven,"ODMAP spike alert emails from Connecticut Department of Public Health [CT DPH],ODMAP spike alert emails from local health governance [e.g. local health department/health district],ODMAP spike alert text messages from local health governance,Review of ODMAP or other overdose data [e.g. EpiCenter],Regular messages [e.g. listserv] from local first responder agency,Communication with colleagues,Communication with patients/clients",,Review of ODMAP or other overdose data [e.g. EpiCenter],,"Increased harm reduction supply distribution in affected areas [naloxone, fentanyl test strips etc],Provide people who use drugs with harm reduction education [""don't use alone and go slow""],Inform the public about substances causing overdoses [e.g. fentanyl-contaminated crack] if known,Inform the public about overdoses",,"Leadership [executive director, administrative office, chief, mayor/selectman/town manager],Harm reduction van workers/street outreach",Department of Public Health [DPH],Government and health district,No,Outreach to PWUD,Platform information,Higher overdose burden,State alerts,Passive
205,TRUE,2/21/2024 11:10,R_7VqEtg7hfMnPR2p,Other [please explain below],mental health treatment,Middlesex,"ODMAP spike alert emails from local health governance [e.g. local health department/health district],Review of ODMAP or other overdose data [e.g. EpiCenter],Communication with colleagues,Communication with patients/clients",,Communication with colleagues,,"Increased harm reduction supply distribution in affected areas [naloxone, fentanyl test strips etc],Notify people who use drugs about recent overdoses,Provide people who use drugs with harm reduction education [""don't use alone and go slow""],Investigate reasons for recent overdoses",,"Leadership [executive director, administrative office, chief, mayor/selectman/town manager],Client-facing staff",Department of Mental Health and Addiction Services [DMHAS],Other,No,Outreach to PWUD,Peer information sharing,Lower overdose burden,Platform information,Passive
175,TRUE,2/21/2024 13:42,R_7Lumwu70L27XxwB,"Local health department/district,Local government",,Middlesex,"ODMAP spike alert emails from Connecticut Department of Public Health [CT DPH],Regular messages [e.g. listserv] from opioid task force, prevention councils or other source",,ODMAP spike alert emails from Connecticut Department of Public Health [CT DPH],,"Inform the public about substances causing overdoses [e.g. fentanyl-contaminated crack] if known,Inform the public about overdoses",,"Leadership [executive director, administrative office, chief, mayor/selectman/town manager]",My organization does not receive external funding for overdose prevention,Government and health district,No,Informing the public,State alerts,Lower overdose burden,State alerts,Passive
209,TRUE,2/21/2024 13:43,R_3ybu9xthDfuQizv,"Local ambulance/EMS service,Local health department/district",,Middlesex,"Phone calls from local health governance,Communication with colleagues,Communication with patients/clients,Insights from harm reduction services",,Insights from harm reduction services,,"Increased harm reduction supply distribution in affected areas [naloxone, fentanyl test strips etc],Notify people who use drugs about recent overdoses,Inform the public about substances causing overdoses [e.g. fentanyl-contaminated crack] if known,Inform the public about overdoses,Be on higher alert for an influx of patients,Increased surveillance of affected areas,Investigate reasons for recent overdoses,Modify or elevate preemptive overdose prevention protocols,Refer patients/clients to local drug testing sites",,"Leadership [executive director, administrative office, chief, mayor/selectman/town manager],Harm reduction van workers/street outreach,Client-facing staff,Medical providers,First responders,Paramedics,Emergency department,Emergency dispatch",Department of Public Health [DPH],First responder,No,Outreach to PWUD,Peer information sharing,Lower overdose burden,Local alerts,Collaborative
302,TRUE,2/22/2024 4:10,R_7JL2JlDL2oBupi7,Harm reduction organization/SSP,,"Litchfield,Tolland,Windham,New Haven,Hartford,Middlesex","ODMAP spike alert emails from Connecticut Department of Public Health [CT DPH],ODMAP spike alert emails from local health governance [e.g. local health department/health district],Review of ODMAP or other overdose data [e.g. EpiCenter],Phone calls from CT DPH,Phone calls from local health governance,Communication with colleagues,Communication with patients/clients,Insights from harm reduction services,Insights from nearby drug testing sites",,ODMAP spike alert emails from local health governance [e.g. local health department/health district],,"Increased harm reduction supply distribution in affected areas [naloxone, fentanyl test strips etc],Notify people who use drugs about recent overdoses,Provide people who use drugs with harm reduction education [""don't use alone and go slow""],Increased surveillance of affected areas,Investigate reasons for recent overdoses,Modify or elevate preemptive overdose prevention protocols,Other [please explain below]",increased sample collection,"Leadership [executive director, administrative office, chief, mayor/selectman/town manager],Harm reduction van workers/street outreach,Client-facing staff","Department of Mental Health and Addiction Services [DMHAS],Department of Public Health [DPH],Other harm reduction funding",SSPs and substance use treatment,No,Outreach to PWUD,Local alerts,Lower overdose burden,State alerts,Passive
196,TRUE,2/22/2024 7:13,R_1pS3YXi5JSuodVl,Hospital,,Middlesex,"Review of ODMAP or other overdose data [e.g. EpiCenter],Communication with colleagues",,ODMAP spike alert emails from Connecticut Department of Public Health [CT DPH],,"Increased harm reduction supply distribution in affected areas [naloxone, fentanyl test strips etc],Provide people who use drugs with harm reduction education [""don't use alone and go slow""],Inform the public about overdoses",,"Leadership [executive director, administrative office, chief, mayor/selectman/town manager],Harm reduction van workers/street outreach,Other staff,I am not sure",,First responder,Yes,Outreach to PWUD,State alerts,Lower overdose burden,Platform information,Passive
315,TRUE,2/22/2024 8:57,R_1DSTcTSTjT30lLX,Other [please explain below],community health center,"Fairfield,New Haven,New London,Middlesex","Communication with colleagues,Communication with patients/clients,I don’t receive updates or information about overdoses",,I don’t receive updates or information about overdoses,,"Notify people who use drugs about recent overdoses,Provide people who use drugs with harm reduction education [""don't use alone and go slow""]",,Medical providers,My organization does not receive external funding for overdose prevention,Other,No,Outreach to PWUD,I don't receive updates or information about overdoses,Higher overdose burden,Peer information sharing,Collaborative
261,TRUE,7/25/2024 10:15,R_1HMKmnF9kh7xFWT,Local health department/district,,Hartford,"ODMAP spike alert emails from local health governance [e.g. local health department/health district],Review of ODMAP or other overdose data [e.g. EpiCenter],Regular messages [e.g. listserv] from opioid task force, prevention councils or other source,Phone calls from CT DPH,Communication with colleagues,Insights from harm reduction services,Insights from nearby drug testing sites",,ODMAP spike alert emails from local health governance [e.g. local health department/health district],,"Inform the public about substances causing overdoses [e.g. fentanyl-contaminated crack] if known,Inform the public about overdoses",,"Leadership [executive director, administrative office, chief, mayor/selectman/town manager],Other staff",Other harm reduction funding,Government and health district,No,Informing the public,Local alerts,Higher overdose burden,Platform information,Passive
116,TRUE,7/31/2024 6:47,R_595MjrYHBsHYXNQ,Local ambulance/EMS service,,Fairfield,Review of ODMAP or other overdose data [e.g. EpiCenter],,Review of ODMAP or other overdose data [e.g. EpiCenter],,Modify or elevate preemptive overdose prevention protocols,,"Leadership [executive director, administrative office, chief, mayor/selectman/town manager]",My organization does not receive external funding for overdose prevention,First responder,No,Clinical and operational changes,Platform information,Higher overdose burden,Platform information,Passive
215,TRUE,7/31/2024 14:42,R_7FhMajm8Af04Xch,Local ambulance/EMS service,,"New Haven,Hartford","Communication with colleagues,Communication with patients/clients,I don’t receive updates or information about overdoses",,I don’t receive updates or information about overdoses,,"Notify people who use drugs about recent overdoses,Provide people who use drugs with harm reduction education [""don't use alone and go slow""],Inform the public about substances causing overdoses [e.g. fentanyl-contaminated crack] if known,Be on higher alert for an influx of patients,My organization does not respond to overdoses",,I am not sure,My organization does not receive external funding for overdose prevention,First responder,No,Outreach to PWUD,I don't receive updates or information about overdoses,Higher overdose burden,Peer information sharing,Collaborative
156,TRUE,7/31/2024 14:43,R_1bZ3vxTyXPQYNjq,Local ambulance/EMS service,,"Litchfield,New Haven,Hartford","Communication with colleagues,I don’t receive updates or information about overdoses",,Communication with colleagues,,"Notify people who use drugs about recent overdoses,Inform the public about substances causing overdoses [e.g. fentanyl-contaminated crack] if known",,I am not sure,My organization does not receive external funding for overdose prevention,First responder,No,Outreach to PWUD,Peer information sharing,Lower overdose burden,Peer information sharing,Collaborative
148,TRUE,7/31/2024 14:43,R_7rghnVrQpDqgtQ5,Local ambulance/EMS service,,"New Haven,Hartford",Communication with colleagues,,Communication with colleagues,,"Increased harm reduction supply distribution in affected areas [naloxone, fentanyl test strips etc]",,"Leadership [executive director, administrative office, chief, mayor/selectman/town manager]",My organization does not receive external funding for overdose prevention,First responder,No,Outreach to PWUD,Peer information sharing,Higher overdose burden,Peer information sharing,Collaborative
159,TRUE,7/31/2024 14:52,R_1R4GQJw2v6RCfwQ,Local ambulance/EMS service,,"Litchfield,New Haven,Hartford",I don’t receive updates or information about overdoses,,I don’t receive updates or information about overdoses,,Other [please explain below],Organization does nothing (AMR WATERBURY),I am not sure,My organization does not receive external funding for overdose prevention,First responder,No,Other,I don't receive updates or information about overdoses,Lower overdose burden,I don't receive updates or information about ODs,I don't receive updates or information about overdoses
592,TRUE,7/31/2024 14:52,R_3S1B6YqEik1EAlk,"Fire department,Local ambulance/EMS service",,"Litchfield,New Haven,Hartford",I don’t receive updates or information about overdoses,,I don’t receive updates or information about overdoses,,My organization does not respond to overdoses,,I am not sure,,First responder,No,My organization does not respond to overdoses,I don't receive updates or information about overdoses,Lower overdose burden,I don't receive updates or information about ODs,I don't receive updates or information about overdoses
122,TRUE,7/31/2024 14:54,R_6fAHB29l7yO2EWF,Local ambulance/EMS service,,"New Haven,Hartford",I don’t receive updates or information about overdoses,,I don’t receive updates or information about overdoses,,Be on higher alert for an influx of patients,,I am not sure,My organization does not receive external funding for overdose prevention,First responder,No,Clinical and operational changes,I don't receive updates or information about overdoses,Higher overdose burden,I don't receive updates or information about ODs,I don't receive updates or information about overdoses
268,TRUE,7/31/2024 15:12,R_7JnmhbNfXFQ8qJz,Local ambulance/EMS service,,"Litchfield,New Haven,Hartford",I don’t receive updates or information about overdoses,,I don’t receive updates or information about overdoses,,Other [please explain below],"City provides opioid response team, my organization only provides medical care and transport",I am not sure,My organization does not receive external funding for overdose prevention,First responder,No,Other,I don't receive updates or information about overdoses,Lower overdose burden,I don't receive updates or information about ODs,I don't receive updates or information about overdoses
225,TRUE,7/31/2024 15:16,R_1edOb8vWynSb8nT,Local ambulance/EMS service,,"Fairfield,Litchfield,New Haven,Hartford","Communication with colleagues,Communication with patients/clients,I don’t receive updates or information about overdoses",,Communication with colleagues,,"Increased harm reduction supply distribution in affected areas [naloxone, fentanyl test strips etc]",,"Leadership [executive director, administrative office, chief, mayor/selectman/town manager],Medical providers,First responders,Paramedics,Emergency department,Emergency dispatch",Department of Public Health [DPH],First responder,No,Outreach to PWUD,Peer information sharing,Higher overdose burden,Peer information sharing,Collaborative
143,TRUE,7/31/2024 15:46,R_6wpfledUpeFIc90,"Fire department,Local ambulance/EMS service",,"New Haven,Hartford,Middlesex",Communication with colleagues,,Communication with patients/clients,,"Provide people who use drugs with harm reduction education [""don't use alone and go slow""],Inform the public about substances causing overdoses [e.g. fentanyl-contaminated crack] if known,Refer patients/clients to local drug testing sites",,"Leadership [executive director, administrative office, chief, mayor/selectman/town manager],I am not sure",Department of Public Health [DPH],First responder,Yes,Outreach to PWUD,Client information sharing,Higher overdose burden,Peer information sharing,Collaborative
152,TRUE,7/31/2024 16:10,R_6dpBS6FSFa0FXZD,Local ambulance/EMS service,,"New Haven,Hartford",I don’t receive updates or information about overdoses,,I don’t receive updates or information about overdoses,,Other [please explain below],No active response other than responding to 911 call as provider ,I am not sure,My organization does not receive external funding for overdose prevention,First responder,No,Other,I don't receive updates or information about overdoses,Higher overdose burden,I don't receive updates or information about ODs,I don't receive updates or information about overdoses
230,TRUE,7/31/2024 19:32,R_1DYt4wdDg9fewvZ,Local ambulance/EMS service,,"New Haven,Hartford",Communication with colleagues,,Communication with colleagues,,Other [please explain below],Sword reporting ,"Leadership [executive director, administrative office, chief, mayor/selectman/town manager],Medical providers,Paramedics",My organization does not receive external funding for overdose prevention,First responder,No,Other,Peer information sharing,Higher overdose burden,Peer information sharing,Collaborative
120,TRUE,8/1/2024 8:32,R_5nJm78Wa7V5HHbo,Local ambulance/EMS service,,"Litchfield,New Haven",Communication with colleagues,,I don’t receive updates or information about overdoses,,Refer patients/clients to local drug testing sites,,"Leadership [executive director, administrative office, chief, mayor/selectman/town manager]",My organization does not receive external funding for overdose prevention,First responder,Yes,Outreach to PWUD,I don't receive updates or information about overdoses,Lower overdose burden,Peer information sharing,Collaborative
95,TRUE,8/1/2024 10:55,R_6f47surYcrOsrz6,Local ambulance/EMS service,,"New Haven,Hartford",I don’t receive updates or information about overdoses,,I don’t receive updates or information about overdoses,,Be on higher alert for an influx of patients,,I am not sure,My organization does not receive external funding for overdose prevention,First responder,No,Clinical and operational changes,I don't receive updates or information about overdoses,Higher overdose burden,I don't receive updates or information about ODs,I don't receive updates or information about overdoses
168,TRUE,8/2/2024 4:13,R_3azBKEd64WaftQq,Local ambulance/EMS service,,"New Haven,Hartford",I don’t receive updates or information about overdoses,,I don’t receive updates or information about overdoses,,Other [please explain below],Give out Narcan leave behind kits supplied by Uconn Hosp,"Leadership [executive director, administrative office, chief, mayor/selectman/town manager]",,First responder,No,Other,I don't receive updates or information about overdoses,Higher overdose burden,I don't receive updates or information about ODs,I don't receive updates or information about overdoses
274,TRUE,8/2/2024 14:19,R_3Hcyf8icHtPoWJA,Local ambulance/EMS service,,"Litchfield,New Haven,Hartford",I don’t receive updates or information about overdoses,,I don’t receive updates or information about overdoses,,Be on higher alert for an influx of patients,,I am not sure,My organization does not receive external funding for overdose prevention,First responder,No,Clinical and operational changes,I don't receive updates or information about overdoses,Lower overdose burden,I don't receive updates or information about ODs,I don't receive updates or information about overdoses
164,TRUE,8/6/2024 10:38,R_5jAe4krtl8hFH1v,"Local ambulance/EMS service,Hospital",,Hartford,"ODMAP spike alert emails from Connecticut Department of Public Health [CT DPH],Review of ODMAP or other overdose data [e.g. EpiCenter]",,Review of ODMAP or other overdose data [e.g. EpiCenter],,"Be on higher alert for an influx of patients,Investigate reasons for recent overdoses",,,Department of Public Health [DPH],First responder,No,Clinical and operational changes,Platform information,Higher overdose burden,State alerts,Passive
202,TRUE,8/6/2024 10:39,R_6xFqAJdBoiA4vPi,Local ambulance/EMS service,,Hartford,"Review of ODMAP or other overdose data [e.g. EpiCenter],Phone calls about overdoses [not from ODMAP],Communication with colleagues,Communication with patients/clients",,Communication with colleagues,,"Increased harm reduction supply distribution in affected areas [naloxone, fentanyl test strips etc],Notify people who use drugs about recent overdoses,Provide people who use drugs with harm reduction education [""don't use alone and go slow""],Inform the public about substances causing overdoses [e.g. fentanyl-contaminated crack] if known,Be on higher alert for an influx of patients,Refer patients/clients to local drug testing sites,Other [please explain below]",I am an RSS and focus on harm reduction and linkage to care,I am not sure,"Department of Public Health [DPH],Other harm reduction funding",First responder,No,Outreach to PWUD,Peer information sharing,Higher overdose burden,Platform information,Passive
247,TRUE,8/6/2024 10:47,R_1lFV1iiX8QiDERZ,Harm reduction organization/SSP,,Hartford,"Communication with colleagues,Communication with patients/clients",,Communication with patients/clients,,"Increased harm reduction supply distribution in affected areas [naloxone, fentanyl test strips etc],Notify people who use drugs about recent overdoses,Provide people who use drugs with harm reduction education [""don't use alone and go slow""],Inform the public about overdoses,Increased surveillance of affected areas,Refer patients/clients to local drug testing sites",,"Harm reduction van workers/street outreach,Client-facing staff,Other staff","Department of Mental Health and Addiction Services [DMHAS],Department of Public Health [DPH],Other harm reduction funding",SSPs and substance use treatment,No,Outreach to PWUD,Client information sharing,Higher overdose burden,Peer information sharing,Collaborative
1347,TRUE,8/6/2024 10:58,R_341VsKs6Cq9OcYD,Other [please explain below],RBHAO,"Tolland,Hartford","Review of ODMAP or other overdose data [e.g. EpiCenter],Regular messages [e.g. listserv] from local first responder agency,Regular messages [e.g. listserv] from opioid task force, prevention councils or other source,Communication with colleagues,Insights from harm reduction services",,Regular messages [e.g. listserv] from local first responder agency,,"Increased harm reduction supply distribution in affected areas [naloxone, fentanyl test strips etc],Inform the public about substances causing overdoses [e.g. fentanyl-contaminated crack] if known,Inform the public about overdoses,Modify or elevate preemptive overdose prevention protocols",,I am not sure,Department of Mental Health and Addiction Services [DMHAS],Other,No,Outreach to PWUD,Peer information sharing,Lower overdose burden,Platform information,Passive
1910,TRUE,8/6/2024 11:07,R_1oLxLZm249IMroC,Substance use treatment program,,"Tolland,Hartford,Middlesex",I don’t receive updates or information about overdoses,,I don’t receive updates or information about overdoses,,"Increased harm reduction supply distribution in affected areas [naloxone, fentanyl test strips etc],Notify people who use drugs about recent overdoses,Provide people who use drugs with harm reduction education [""don't use alone and go slow""],Inform the public about substances causing overdoses [e.g. fentanyl-contaminated crack] if known,Increased surveillance of affected areas,Refer patients/clients to local drug testing sites",,I am not sure,"Department of Mental Health and Addiction Services [DMHAS],Other harm reduction funding",SSPs and substance use treatment,No,Outreach to PWUD,I don't receive updates or information about overdoses,Lower overdose burden,I don't receive updates or information about ODs,I don't receive updates or information about overdoses
856,TRUE,8/6/2024 11:09,R_1eF7yM3WjDR19vM,Local health department/district,,Hartford,"Regular messages [e.g. listserv] from opioid task force, prevention councils or other source",,"Regular messages [e.g. listserv] from opioid task force, prevention councils or other source",,"Increased harm reduction supply distribution in affected areas [naloxone, fentanyl test strips etc],Notify people who use drugs about recent overdoses,Provide people who use drugs with harm reduction education [""don't use alone and go slow""],Inform the public about substances causing overdoses [e.g. fentanyl-contaminated crack] if known,Inform the public about overdoses,Be on higher alert for an influx of patients,Increased surveillance of affected areas,Investigate reasons for recent overdoses,Modify or elevate preemptive overdose prevention protocols,Refer patients/clients to local drug testing sites",,"Leadership [executive director, administrative office, chief, mayor/selectman/town manager],Harm reduction van workers/street outreach",Other harm reduction funding,Government and health district,No,Outreach to PWUD,Peer information sharing,Higher overdose burden,Peer information sharing,Passive
180388,TRUE,8/8/2024 12:43,R_7RjXcwUgGY9PPAl,Other [please explain below],Non-profit organization ,Hartford,"Regular messages [e.g. listserv] from opioid task force, prevention councils or other source",,Text messages about overdoses [not from ODMAP],,My organization does not respond to overdoses,,Organization does not receive information from CT DPH,My organization does not receive external funding for overdose prevention,Other,Yes,My organization does not respond to overdoses,Peer information sharing,Higher overdose burden,Peer information sharing,Passive
115,TRUE,8/14/2024 13:38,R_1nqtbS9aIoliT0f,Harm reduction organization/SSP,,New London,"ODMAP spike alert emails from Connecticut Department of Public Health [CT DPH],ODMAP spike alert emails from local health governance [e.g. local health department/health district],ODMAP spike alert text messages from local health governance,Phone calls about overdoses [not from ODMAP],Communication with colleagues,Communication with patients/clients,Insights from harm reduction services",,Insights from nearby drug testing sites,,"Increased harm reduction supply distribution in affected areas [naloxone, fentanyl test strips etc],Notify people who use drugs about recent overdoses,Provide people who use drugs with harm reduction education [""don't use alone and go slow""],Inform the public about substances causing overdoses [e.g. fentanyl-contaminated crack] if known,Inform the public about overdoses,Increased surveillance of affected areas,Refer patients/clients to local drug testing sites",,"Leadership [executive director, administrative office, chief, mayor/selectman/town manager],Harm reduction van workers/street outreach,Client-facing staff","Department of Mental Health and Addiction Services [DMHAS],Department of Public Health [DPH],Other harm reduction funding",SSPs and substance use treatment,Yes,Outreach to PWUD,Peer information sharing,Higher overdose burden,State alerts,Passive
203,TRUE,8/14/2024 13:40,R_57NiNF2Xy2ZmnhT,Harm reduction organization/SSP,,New London,Review of ODMAP or other overdose data [e.g. EpiCenter],,Communication with patients/clients,,"Increased harm reduction supply distribution in affected areas [naloxone, fentanyl test strips etc],Notify people who use drugs about recent overdoses,Provide people who use drugs with harm reduction education [""don't use alone and go slow""],Inform the public about substances causing overdoses [e.g. fentanyl-contaminated crack] if known,Inform the public about overdoses",,"Leadership [executive director, administrative office, chief, mayor/selectman/town manager],Harm reduction van workers/street outreach,Client-facing staff,Other staff","Department of Mental Health and Addiction Services [DMHAS],Department of Public Health [DPH]",SSPs and substance use treatment,Yes,Outreach to PWUD,Client information sharing,Higher overdose burden,Platform information,Passive
317,TRUE,8/14/2024 13:43,R_1rq7W12i9xM5Xcp,Police department,,New London,"Regular messages [e.g. listserv] from local first responder agency,Regular messages [e.g. listserv] from opioid task force, prevention councils or other source,Phone calls from local health governance,Communication with colleagues,Insights from harm reduction services,Insights from nearby drug testing sites",,Communication with colleagues,,"Inform the public about substances causing overdoses [e.g. fentanyl-contaminated crack] if known,Inform the public about overdoses,Investigate reasons for recent overdoses",,"Leadership [executive director, administrative office, chief, mayor/selectman/town manager],Other staff,First responders",My organization does not receive external funding for overdose prevention,First responder,No,Informing the public,Peer information sharing,Higher overdose burden,Peer information sharing,Passive
103,TRUE,8/14/2024 13:45,R_7NCnFB78JRZQjwO,Harm reduction organization/SSP,,New London,"ODMAP spike alert emails from local health governance [e.g. local health department/health district],Communication with colleagues,Communication with patients/clients,Insights from nearby drug testing sites",,Communication with patients/clients,,"Increased harm reduction supply distribution in affected areas [naloxone, fentanyl test strips etc],Notify people who use drugs about recent overdoses,Provide people who use drugs with harm reduction education [""don't use alone and go slow""],Inform the public about substances causing overdoses [e.g. fentanyl-contaminated crack] if known,Inform the public about overdoses,Be on higher alert for an influx of patients,Increased surveillance of affected areas,Investigate reasons for recent overdoses,Modify or elevate preemptive overdose prevention protocols,Refer patients/clients to local drug testing sites",,I am not sure,Department of Public Health [DPH],SSPs and substance use treatment,No,Outreach to PWUD,Client information sharing,Higher overdose burden,Peer information sharing,Collaborative
183,TRUE,8/14/2024 14:04,R_6H7TyGx91eIKYvY,Harm reduction organization/SSP,,New London,"ODMAP spike alert emails from Connecticut Department of Public Health [CT DPH],ODMAP spike alert emails from local health governance [e.g. local health department/health district],ODMAP spike alert text messages from local health governance,Regular messages [e.g. listserv] from opioid task force, prevention councils or other source,Communication with colleagues,Communication with patients/clients,Insights from harm reduction services",,ODMAP spike alert emails from local health governance [e.g. local health department/health district],,"Increased harm reduction supply distribution in affected areas [naloxone, fentanyl test strips etc],Notify people who use drugs about recent overdoses,Provide people who use drugs with harm reduction education [""don't use alone and go slow""],Inform the public about substances causing overdoses [e.g. fentanyl-contaminated crack] if known,Inform the public about overdoses",,"Leadership [executive director, administrative office, chief, mayor/selectman/town manager],Harm reduction van workers/street outreach","Department of Mental Health and Addiction Services [DMHAS],Department of Public Health [DPH]",SSPs and substance use treatment,No,Outreach to PWUD,Local alerts,Higher overdose burden,State alerts,Passive
176,TRUE,8/22/2024 4:34,R_133OUxAMZ5D8KHR,Harm reduction organization/SSP,,Fairfield,"ODMAP spike alert emails from Connecticut Department of Public Health [CT DPH],Review of ODMAP or other overdose data [e.g. EpiCenter],Regular messages [e.g. listserv] from opioid task force, prevention councils or other source,Communication with patients/clients",,Communication with patients/clients,,"Increased harm reduction supply distribution in affected areas [naloxone, fentanyl test strips etc],Notify people who use drugs about recent overdoses,Provide people who use drugs with harm reduction education [""don't use alone and go slow""],Increased surveillance of affected areas,Investigate reasons for recent overdoses,Refer patients/clients to local drug testing sites",,"Leadership [executive director, administrative office, chief, mayor/selectman/town manager],Harm reduction van workers/street outreach,Client-facing staff","Department of Mental Health and Addiction Services [DMHAS],Department of Public Health [DPH],Other harm reduction funding",SSPs and substance use treatment,No,Outreach to PWUD,Client information sharing,Higher overdose burden,State alerts,Passive
416,TRUE,9/5/2024 13:19,R_5NJ2rjvRYjf0lBM,Substance use treatment program,,Fairfield,"ODMAP spike alert emails from Connecticut Department of Public Health [CT DPH],Review of ODMAP or other overdose data [e.g. EpiCenter],Regular messages [e.g. listserv] from local first responder agency,Phone calls from local health governance,Communication with colleagues,Communication with patients/clients,Insights from harm reduction services",,Communication with patients/clients,,"Increased harm reduction supply distribution in affected areas [naloxone, fentanyl test strips etc],Notify people who use drugs about recent overdoses,Provide people who use drugs with harm reduction education [""don't use alone and go slow""],Increased surveillance of affected areas,Investigate reasons for recent overdoses,Modify or elevate preemptive overdose prevention protocols,Refer patients/clients to local drug testing sites",,Other staff,"Department of Mental Health and Addiction Services [DMHAS],Department of Public Health [DPH],Other harm reduction funding",SSPs and substance use treatment,No,Outreach to PWUD,Client information sharing,Higher overdose burden,State alerts,Passive
224,TRUE,9/5/2024 14:05,R_5aNWd5nv4hZ6GAN,Police department,,Fairfield,"Regular messages [e.g. listserv] from local first responder agency,Regular messages [e.g. listserv] from opioid task force, prevention councils or other source,Phone calls from local health governance,Text messages about overdoses [not from ODMAP],Phone calls about overdoses [not from ODMAP]",,Communication with colleagues,,"Notify people who use drugs about recent overdoses,Provide people who use drugs with harm reduction education [""don't use alone and go slow""],Inform the public about substances causing overdoses [e.g. fentanyl-contaminated crack] if known,Inform the public about overdoses,Increased surveillance of affected areas,Investigate reasons for recent overdoses,Refer patients/clients to local drug testing sites",,"Leadership [executive director, administrative office, chief, mayor/selectman/town manager]",Department of Public Health [DPH],First responder,Yes,Outreach to PWUD,Peer information sharing,Higher overdose burden,Peer information sharing,Passive
165,TRUE,9/5/2024 15:15,R_3EgEqpFEiaPBNiX,Harm reduction organization/SSP,,Fairfield,"Communication with colleagues,Communication with patients/clients,Insights from harm reduction services",,Communication with colleagues,,"Increased harm reduction supply distribution in affected areas [naloxone, fentanyl test strips etc],Notify people who use drugs about recent overdoses,Provide people who use drugs with harm reduction education [""don't use alone and go slow""],Inform the public about substances causing overdoses [e.g. fentanyl-contaminated crack] if known,Inform the public about overdoses",,"Leadership [executive director, administrative office, chief, mayor/selectman/town manager],Harm reduction van workers/street outreach",Department of Mental Health and Addiction Services [DMHAS],SSPs and substance use treatment,No,Outreach to PWUD,Peer information sharing,Higher overdose burden,Peer information sharing,Collaborative
210,TRUE,9/5/2024 15:24,R_6S8M1l98kNxbExX,Harm reduction organization/SSP,,Fairfield,"ODMAP spike alert emails from Connecticut Department of Public Health [CT DPH],ODMAP spike alert emails from local health governance [e.g. local health department/health district],Review of ODMAP or other overdose data [e.g. EpiCenter],Regular messages [e.g. listserv] from opioid task force, prevention councils or other source,Phone calls from CT DPH,Communication with colleagues,Communication with patients/clients,Insights from harm reduction services,Insights from nearby drug testing sites",,Phone calls from CT DPH,,"Increased harm reduction supply distribution in affected areas [naloxone, fentanyl test strips etc],Notify people who use drugs about recent overdoses,Provide people who use drugs with harm reduction education [""don't use alone and go slow""],Inform the public about substances causing overdoses [e.g. fentanyl-contaminated crack] if known,Inform the public about overdoses,Be on higher alert for an influx of patients,Increased surveillance of affected areas,Investigate reasons for recent overdoses,Refer patients/clients to local drug testing sites",,"Leadership [executive director, administrative office, chief, mayor/selectman/town manager],Harm reduction van workers/street outreach","Department of Mental Health and Addiction Services [DMHAS],Department of Public Health [DPH]",SSPs and substance use treatment,No,Outreach to PWUD,State alerts,Higher overdose burden,State alerts,Passive
421,TRUE,9/5/2024 15:24,R_1QzIYKn9kgtR72p,"Substance use treatment program,Harm reduction organization/SSP",,Fairfield,"ODMAP spike alert emails from Connecticut Department of Public Health [CT DPH],Phone calls from local health governance,Phone calls about overdoses [not from ODMAP],Communication with colleagues,Communication with patients/clients,Insights from harm reduction services,Insights from nearby drug testing sites",,Insights from harm reduction services,,"Increased harm reduction supply distribution in affected areas [naloxone, fentanyl test strips etc],Notify people who use drugs about recent overdoses,Provide people who use drugs with harm reduction education [""don't use alone and go slow""],Inform the public about overdoses,Refer patients/clients to local drug testing sites",,"Harm reduction van workers/street outreach,Other staff","Department of Mental Health and Addiction Services [DMHAS],Department of Public Health [DPH]",SSPs and substance use treatment,No,Outreach to PWUD,Peer information sharing,Higher overdose burden,State alerts,Passive
130,TRUE,9/5/2024 15:48,R_1n3ANovg2AjKq9X,Harm reduction organization/SSP,,Fairfield,I don’t receive updates or information about overdoses,,Regular messages [e.g. listserv] from local first responder agency,,Inform the public about overdoses,,Harm reduction van workers/street outreach,Department of Mental Health and Addiction Services [DMHAS],SSPs and substance use treatment,Yes,Informing the public,Peer information sharing,Higher overdose burden,I don't receive updates or information about ODs,I don't receive updates or information about overdoses
274,TRUE,9/5/2024 16:17,R_5pSHgKiwqOymPFE,"Substance use treatment program,Harm reduction organization/SSP",,Fairfield,"Phone calls from local health governance,Phone calls about overdoses [not from ODMAP],Communication with colleagues,Communication with patients/clients",,Communication with colleagues,,"Increased harm reduction supply distribution in affected areas [naloxone, fentanyl test strips etc]",,"Other staff,Emergency department","Department of Mental Health and Addiction Services [DMHAS],Department of Public Health [DPH]",SSPs and substance use treatment,No,Outreach to PWUD,Peer information sharing,Higher overdose burden,Local alerts,Collaborative
700,TRUE,9/5/2024 18:06,R_3dz246DOcwtZNMl,Harm reduction organization/SSP,,Fairfield,"Review of ODMAP or other overdose data [e.g. EpiCenter],Phone calls about overdoses [not from ODMAP],Communication with colleagues,Insights from harm reduction services",,Communication with colleagues,,"Increased harm reduction supply distribution in affected areas [naloxone, fentanyl test strips etc],Notify people who use drugs about recent overdoses,Inform the public about substances causing overdoses [e.g. fentanyl-contaminated crack] if known,Other [please explain below]",Don’t use a loan always have Narcan on you,"Harm reduction van workers/street outreach,Other staff,Emergency department","Department of Mental Health and Addiction Services [DMHAS],Other harm reduction funding",SSPs and substance use treatment,No,Outreach to PWUD,Peer information sharing,Higher overdose burden,Platform information,Passive
334,TRUE,9/5/2024 20:23,R_3k4rFjNzxgLjSvv,Harm reduction organization/SSP,,Fairfield,"Review of ODMAP or other overdose data [e.g. EpiCenter],Regular messages [e.g. listserv] from local first responder agency,Text messages about overdoses [not from ODMAP],Communication with colleagues,Communication with patients/clients",,ODMAP spike alert text messages from local health governance,,"Increased harm reduction supply distribution in affected areas [naloxone, fentanyl test strips etc],Notify people who use drugs about recent overdoses,Provide people who use drugs with harm reduction education [""don't use alone and go slow""],Inform the public about substances causing overdoses [e.g. fentanyl-contaminated crack] if known,Refer patients/clients to local drug testing sites",,"Leadership [executive director, administrative office, chief, mayor/selectman/town manager],Harm reduction van workers/street outreach,Other staff","Department of Mental Health and Addiction Services [DMHAS],Other harm reduction funding",SSPs and substance use treatment,Yes,Outreach to PWUD,Local alerts,Higher overdose burden,Platform information,Passive
171,TRUE,9/5/2024 22:01,R_7aJHASaLTj9ZcpL,Police department,,Fairfield,"ODMAP spike alert emails from Connecticut Department of Public Health [CT DPH],ODMAP spike alert emails from local health governance [e.g. local health department/health district],Review of ODMAP or other overdose data [e.g. EpiCenter],Regular messages [e.g. listserv] from local first responder agency,Communication with colleagues",,Regular messages [e.g. listserv] from local first responder agency,,"Increased harm reduction supply distribution in affected areas [naloxone, fentanyl test strips etc],Notify people who use drugs about recent overdoses,Provide people who use drugs with harm reduction education [""don't use alone and go slow""],Increased surveillance of affected areas,Investigate reasons for recent overdoses,Modify or elevate preemptive overdose prevention protocols,Other [please explain below]",CLEAR ,Other staff,My organization does not receive external funding for overdose prevention,First responder,No,Outreach to PWUD,Peer information sharing,Higher overdose burden,State alerts,Passive
257,TRUE,9/6/2024 12:11,R_5ON19QGuFRIslrs,Harm reduction organization/SSP,,Fairfield,"ODMAP spike alert emails from Connecticut Department of Public Health [CT DPH],Insights from harm reduction services",,ODMAP spike alert emails from Connecticut Department of Public Health [CT DPH],,"Increased harm reduction supply distribution in affected areas [naloxone, fentanyl test strips etc]",,Harm reduction van workers/street outreach,Other harm reduction funding,SSPs and substance use treatment,No,Outreach to PWUD,State alerts,Higher overdose burden,State alerts,Passive
877,TRUE,9/6/2024 16:18,R_3GMq03vmyHsUeGd,Harm reduction organization/SSP,,Fairfield,"Review of ODMAP or other overdose data [e.g. EpiCenter],Communication with patients/clients,Insights from harm reduction services",,Communication with colleagues,,"Increased harm reduction supply distribution in affected areas [naloxone, fentanyl test strips etc],Notify people who use drugs about recent overdoses,Provide people who use drugs with harm reduction education [""don't use alone and go slow""],Inform the public about substances causing overdoses [e.g. fentanyl-contaminated crack] if known,Inform the public about overdoses,Increased surveillance of affected areas",,"Leadership [executive director, administrative office, chief, mayor/selectman/town manager]",Other harm reduction funding,SSPs and substance use treatment,Yes,Outreach to PWUD,Peer information sharing,Higher overdose burden,Platform information,Passive
614,TRUE,9/9/2024 6:51,R_3pc4CLP0uw0xCiB,Harm reduction organization/SSP,,Fairfield,"Phone calls from local health governance,Communication with colleagues",,ODMAP spike alert emails from local health governance [e.g. local health department/health district],,"Notify people who use drugs about recent overdoses,Provide people who use drugs with harm reduction education [""don't use alone and go slow""],Inform the public about substances causing overdoses [e.g. fentanyl-contaminated crack] if known,Inform the public about overdoses",,"Leadership [executive director, administrative office, chief, mayor/selectman/town manager],Harm reduction van workers/street outreach,First responders,Emergency dispatch",Department of Mental Health and Addiction Services [DMHAS],SSPs and substance use treatment,Yes,Outreach to PWUD,Local alerts,Higher overdose burden,Local alerts,Collaborative
121,TRUE,9/11/2024 10:30,R_3g1P8ultNkY5b4P,Other [please explain below],"Test, please delete",,,,,,,,,,Other,No,,,,,
288,TRUE,9/16/2024 12:19,R_1D8WssZTBKgM8kp,Fire department,,New London,"ODMAP spike alert emails from Connecticut Department of Public Health [CT DPH],Communication with colleagues,Communication with patients/clients",,Communication with colleagues,,Other [please explain below],Provide EMS,First responders,My organization does not receive external funding for overdose prevention,First responder,No,Other,Peer information sharing,Higher overdose burden,State alerts,Passive
120,TRUE,12/9/2024 6:53,R_76eUY2CwFGJ28Mh,State/federal government,,"Fairfield,Litchfield,Tolland,Windham,New Haven,New London,Hartford,Middlesex","ODMAP spike alert emails from Connecticut Department of Public Health [CT DPH],Review of ODMAP or other overdose data [e.g. EpiCenter],Communication with colleagues,Insights from harm reduction services,Insights from nearby drug testing sites",,Insights from harm reduction services,,"Increased harm reduction supply distribution in affected areas [naloxone, fentanyl test strips etc],Inform the public about substances causing overdoses [e.g. fentanyl-contaminated crack] if known,Inform the public about overdoses,Increased surveillance of affected areas,Modify or elevate preemptive overdose prevention protocols",,"Leadership [executive director, administrative office, chief, mayor/selectman/town manager]",Other harm reduction funding,Government and health district,No,Outreach to PWUD,Peer information sharing,Higher overdose burden,State alerts,Passive
345,TRUE,12/9/2024 9:07,R_3BWAkZ1YkXM1Qzs,Substance use treatment program,,"Litchfield,New Haven,Hartford","ODMAP spike alert emails from local health governance [e.g. local health department/health district],Text messages about overdoses [not from ODMAP],Insights from harm reduction services,Other [please include more information below]",Referrals from Law Enforcement. Text messages from dispatch. We also are the providers of texts and social media to notify others of spike alerts ,Other [please include more information below],Referrals from law enforcement and first responders,"Increased harm reduction supply distribution in affected areas [naloxone, fentanyl test strips etc],Notify people who use drugs about recent overdoses,Provide people who use drugs with harm reduction education [""don't use alone and go slow""],Inform the public about substances causing overdoses [e.g. fentanyl-contaminated crack] if known,Inform the public about overdoses,Investigate reasons for recent overdoses,Refer patients/clients to local drug testing sites,Other [please explain below]",Connect to and provide support for individuals who experienced an overdose and their families,I am not sure,"Department of Mental Health and Addiction Services [DMHAS],Department of Public Health [DPH],Other harm reduction funding",SSPs and substance use treatment,No,Outreach to PWUD,Other,Lower overdose burden,Peer information sharing,Passive
346,TRUE,12/9/2024 9:08,R_7uPyOrOV3ZL0j8W,Local health department/district,,New Haven,"ODMAP spike alert emails from Connecticut Department of Public Health [CT DPH],Review of ODMAP or other overdose data [e.g. EpiCenter],Communication with colleagues,Communication with patients/clients,Insights from harm reduction services",,Communication with patients/clients,,"Increased harm reduction supply distribution in affected areas [naloxone, fentanyl test strips etc],Notify people who use drugs about recent overdoses,Provide people who use drugs with harm reduction education [""don't use alone and go slow""],Inform the public about substances causing overdoses [e.g. fentanyl-contaminated crack] if known,Inform the public about overdoses,Increased surveillance of affected areas",,"Leadership [executive director, administrative office, chief, mayor/selectman/town manager],Harm reduction van workers/street outreach",,Government and health district,No,Outreach to PWUD,Client information sharing,Higher overdose burden,State alerts,Passive
72,TRUE,12/9/2024 9:31,R_5i3ERYhWh74xmy3,Harm reduction organization/SSP,,"Fairfield,Litchfield,New Haven",ODMAP spike alert emails from Connecticut Department of Public Health [CT DPH],,ODMAP spike alert emails from Connecticut Department of Public Health [CT DPH],,"Increased harm reduction supply distribution in affected areas [naloxone, fentanyl test strips etc],Notify people who use drugs about recent overdoses,Provide people who use drugs with harm reduction education [""don't use alone and go slow""],Inform the public about substances causing overdoses [e.g. fentanyl-contaminated crack] if known,Inform the public about overdoses,Be on higher alert for an influx of patients,Increased surveillance of affected areas,Investigate reasons for recent overdoses,Modify or elevate preemptive overdose prevention protocols,Refer patients/clients to local drug testing sites",,"Leadership [executive director, administrative office, chief, mayor/selectman/town manager],Harm reduction van workers/street outreach,Client-facing staff,Medical providers","Department of Mental Health and Addiction Services [DMHAS],Department of Public Health [DPH],Other harm reduction funding",SSPs and substance use treatment,No,Outreach to PWUD,State alerts,Higher overdose burden,State alerts,Passive
1076,TRUE,12/9/2024 9:54,R_3EzHeha2Emy9Ckr,Harm reduction organization/SSP,,Fairfield,ODMAP spike alert emails from Connecticut Department of Public Health [CT DPH],,ODMAP spike alert emails from Connecticut Department of Public Health [CT DPH],,"Increased harm reduction supply distribution in affected areas [naloxone, fentanyl test strips etc],Provide people who use drugs with harm reduction education [""don't use alone and go slow""]",,Harm reduction van workers/street outreach,"Department of Public Health [DPH],Other harm reduction funding",SSPs and substance use treatment,No,Outreach to PWUD,State alerts,Higher overdose burden,State alerts,Passive
207,TRUE,12/9/2024 12:33,R_7q4XpnnDBMMCULz,"Harm reduction organization/SSP,Other [please explain below]",non profit,Fairfield,"Communication with colleagues,Communication with patients/clients,Insights from harm reduction services,Insights from nearby drug testing sites",,Communication with colleagues,,Inform the public about overdoses,,Harm reduction van workers/street outreach,Department of Mental Health and Addiction Services [DMHAS],SSPs and substance use treatment,No,Informing the public,Peer information sharing,Higher overdose burden,Peer information sharing,Collaborative
271,TRUE,12/9/2024 12:54,R_17v90b9LsSmjBEp,Other [please explain below],Health Clinic,New Haven,"ODMAP spike alert emails from Connecticut Department of Public Health [CT DPH],ODMAP spike alert text messages from local health governance",,I don’t receive updates or information about overdoses,,"Inform the public about substances causing overdoses [e.g. fentanyl-contaminated crack] if known,Inform the public about overdoses,Be on higher alert for an influx of patients,My organization does not respond to overdoses",,"Harm reduction van workers/street outreach,Client-facing staff",Department of Public Health [DPH],Other,Yes,Informing the public,I don't receive updates or information about overdoses,Higher overdose burden,State alerts,Passive
942,TRUE,12/9/2024 13:05,R_7zCic2asAlw7qCg,Harm reduction organization/SSP,,New Haven,"Regular messages [e.g. listserv] from opioid task force, prevention councils or other source,Communication with colleagues",,"Regular messages [e.g. listserv] from opioid task force, prevention councils or other source",,"Increased harm reduction supply distribution in affected areas [naloxone, fentanyl test strips etc],Provide people who use drugs with harm reduction education [""don't use alone and go slow""],My organization does not respond to overdoses",,Other staff,Other harm reduction funding,SSPs and substance use treatment,No,Outreach to PWUD,Peer information sharing,Higher overdose burden,Peer information sharing,Collaborative
94,TRUE,12/9/2024 13:16,R_5Qlmfi5nrmbDKsp,Local ambulance/EMS service,,Hartford,Communication with colleagues,,ODMAP spike alert emails from Connecticut Department of Public Health [CT DPH],,Be on higher alert for an influx of patients,,"Leadership [executive director, administrative office, chief, mayor/selectman/town manager]",My organization does not receive external funding for overdose prevention,First responder,Yes,Clinical and operational changes,State alerts,Higher overdose burden,Peer information sharing,Collaborative
1306,TRUE,12/9/2024 13:38,R_3Htva6pYNmh0Mwf,Harm reduction organization/SSP,,New Haven,"Regular messages [e.g. listserv] from opioid task force, prevention councils or other source,Communication with colleagues,Communication with patients/clients",,"Regular messages [e.g. listserv] from opioid task force, prevention councils or other source",,"Increased harm reduction supply distribution in affected areas [naloxone, fentanyl test strips etc],Provide people who use drugs with harm reduction education [""don't use alone and go slow""]",,"Leadership [executive director, administrative office, chief, mayor/selectman/town manager]",Department of Public Health [DPH],SSPs and substance use treatment,No,Outreach to PWUD,Peer information sharing,Higher overdose burden,Peer information sharing,Collaborative
138,TRUE,12/9/2024 13:46,R_1FFyzG3IVvFea4A,"Local ambulance/EMS service,Hospital",,Hartford,"ODMAP spike alert emails from Connecticut Department of Public Health [CT DPH],ODMAP spike alert emails from local health governance [e.g. local health department/health district],Insights from harm reduction services",,ODMAP spike alert emails from local health governance [e.g. local health department/health district],,Be on higher alert for an influx of patients,,"Leadership [executive director, administrative office, chief, mayor/selectman/town manager]",My organization does not receive external funding for overdose prevention,First responder,No,Clinical and operational changes,Local alerts,Higher overdose burden,State alerts,Passive
110,TRUE,12/9/2024 14:00,R_1DU6tjQ7UqXzIWU,Fire department,,Hartford,I don’t receive updates or information about overdoses,,I don’t receive updates or information about overdoses,,Refer patients/clients to local drug testing sites,,"Leadership [executive director, administrative office, chief, mayor/selectman/town manager]",My organization does not receive external funding for overdose prevention,First responder,No,Outreach to PWUD,I don't receive updates or information about overdoses,Higher overdose burden,I don't receive updates or information about ODs,I don't receive updates or information about overdoses
230,TRUE,12/9/2024 14:32,R_62VM8d1f1GFOuSa,Other [please explain below],Hospital based EMS Service,"Fairfield,Litchfield",Other [please include more information below],None of these,Other [please include more information below],Can’t say…I’ve never accessed them,Other [please explain below],None of these,I am not sure,,First responder,No,Other,Other,Higher overdose burden,Other,Other
177,TRUE,12/9/2024 15:11,R_30bLFRg1WyV0k1f,"Fire department,Local ambulance/EMS service",,"Tolland,Hartford",I don’t receive updates or information about overdoses,,I don’t receive updates or information about overdoses,,Be on higher alert for an influx of patients,,I am not sure,My organization does not receive external funding for overdose prevention,First responder,No,Clinical and operational changes,I don't receive updates or information about overdoses,Lower overdose burden,I don't receive updates or information about ODs,I don't receive updates or information about overdoses
67,TRUE,12/9/2024 15:40,R_1iajzf4YgEaOK5N,"Local ambulance/EMS service,Hospital",,"Fairfield,New Haven,Hartford",I don’t receive updates or information about overdoses,,I don’t receive updates or information about overdoses,,"Inform the public about substances causing overdoses [e.g. fentanyl-contaminated crack] if known,Investigate reasons for recent overdoses,Refer patients/clients to local drug testing sites",,I am not sure,My organization does not receive external funding for overdose prevention,First responder,No,Informing the public,I don't receive updates or information about overdoses,Higher overdose burden,I don't receive updates or information about ODs,I don't receive updates or information about overdoses
126,TRUE,12/9/2024 18:35,R_5vhJ96A7dCe0PpP,Fire department,,Tolland,I don’t receive updates or information about overdoses,,I don’t receive updates or information about overdoses,,"Increased harm reduction supply distribution in affected areas [naloxone, fentanyl test strips etc],Be on higher alert for an influx of patients",,Organization does not receive information from CT DPH,Department of Public Health [DPH],First responder,No,Outreach to PWUD,I don't receive updates or information about overdoses,Lower overdose burden,I don't receive updates or information about ODs,I don't receive updates or information about overdoses
576,TRUE,12/9/2024 18:41,R_6pxTrW2Ah3XOWzE,Local ambulance/EMS service,,Hartford,ODMAP spike alert emails from Connecticut Department of Public Health [CT DPH],,ODMAP spike alert emails from Connecticut Department of Public Health [CT DPH],,"Notify people who use drugs about recent overdoses,Provide people who use drugs with harm reduction education [""don't use alone and go slow""]",,"Leadership [executive director, administrative office, chief, mayor/selectman/town manager],First responders,Paramedics",My organization does not receive external funding for overdose prevention,First responder,No,Outreach to PWUD,State alerts,Higher overdose burden,State alerts,Passive
205,TRUE,12/9/2024 20:53,R_3dpeEZOGTrVPorD,"Fire department,Local ambulance/EMS service",,"Litchfield,Hartford",I don’t receive updates or information about overdoses,,Communication with colleagues,,Be on higher alert for an influx of patients,,I am not sure,My organization does not receive external funding for overdose prevention,First responder,Yes,Clinical and operational changes,Peer information sharing,Lower overdose burden,I don't receive updates or information about ODs,I don't receive updates or information about overdoses
221,TRUE,12/9/2024 21:15,R_32ljXcc1qp0rljg,Fire department,,Hartford,"Communication with colleagues,Communication with patients/clients",,Communication with colleagues,,Other [please explain below],Vague question. We have no community outreach services but respond with naloxone,"Medical providers,First responders",Other harm reduction funding,First responder,No,Other,Peer information sharing,Higher overdose burden,Peer information sharing,Collaborative
33058,TRUE,12/10/2024 4:25,R_5fE4CdJtC1KC8TB,Local ambulance/EMS service,,"Tolland,Windham,Hartford","Communication with colleagues,Communication with patients/clients",,Communication with colleagues,,Other [please explain below],Respond to 911 calls for overdoses and provide individualized emergency medical care and transport to hospitals.,"Leadership [executive director, administrative office, chief, mayor/selectman/town manager]",My organization does not receive external funding for overdose prevention,First responder,No,Other,Peer information sharing,Lower overdose burden,Peer information sharing,Collaborative
929,TRUE,12/10/2024 4:44,R_5YJHsfTacVaxB8P,Local ambulance/EMS service,,Tolland,Communication with colleagues,,Communication with colleagues,,Other [please explain below],Respond and treat and transport. That is all.,I am not sure,,First responder,No,Other,Peer information sharing,Lower overdose burden,Peer information sharing,Collaborative
375,TRUE,12/10/2024 4:46,R_5EZgk6TDPqMthEr,"Local ambulance/EMS service,Hospital,Local health department/district,Other [please explain below]", Volunteer fire dept,Fairfield,"I don’t receive updates or information about overdoses,Other [please include more information below]","In a few very rare occasion I receive email from DPH but thru my public job, not EMS.",I don’t receive updates or information about overdoses,,Other [please explain below],When we get the calls we respond. ,I am not sure,My organization does not receive external funding for overdose prevention,First responder,No,Other,I don't receive updates or information about overdoses,Higher overdose burden,I don't receive updates or information about ODs,I don't receive updates or information about overdoses
135,TRUE,12/10/2024 8:05,R_7qJQx49oumKRWWX,Harm reduction organization/SSP,,New Haven,"Regular messages [e.g. listserv] from opioid task force, prevention councils or other source,Phone calls from CT DPH,Communication with colleagues,Insights from harm reduction services",,ODMAP spike alert emails from Connecticut Department of Public Health [CT DPH],,"Increased harm reduction supply distribution in affected areas [naloxone, fentanyl test strips etc],Notify people who use drugs about recent overdoses,Provide people who use drugs with harm reduction education [""don't use alone and go slow""],Inform the public about substances causing overdoses [e.g. fentanyl-contaminated crack] if known,Inform the public about overdoses,Be on higher alert for an influx of patients,Investigate reasons for recent overdoses",,"Leadership [executive director, administrative office, chief, mayor/selectman/town manager],Harm reduction van workers/street outreach",Department of Public Health [DPH],SSPs and substance use treatment,Yes,Outreach to PWUD,State alerts,Higher overdose burden,State alerts,Collaborative
95,TRUE,12/10/2024 8:59,R_7V90m9bwi371JnM,Local ambulance/EMS service,,"Fairfield,New Haven",I don’t receive updates or information about overdoses,,I don’t receive updates or information about overdoses,,Be on higher alert for an influx of patients,,I am not sure,My organization does not receive external funding for overdose prevention,First responder,No,Clinical and operational changes,I don't receive updates or information about overdoses,Higher overdose burden,I don't receive updates or information about ODs,I don't receive updates or information about overdoses
401,TRUE,12/10/2024 11:02,R_60MPux0STifFd7O,"Fire department,Local ambulance/EMS service",,Hartford,"Communication with colleagues,I don’t receive updates or information about overdoses",,Other [please include more information below],Dispatch ,Other [please explain below],Ambulance ,"Leadership [executive director, administrative office, chief, mayor/selectman/town manager]",My organization does not receive external funding for overdose prevention,First responder,Yes,Other,Other,Higher overdose burden,Peer information sharing,Collaborative
628,TRUE,12/10/2024 11:21,R_6rUXvtexBBQd8M4,Local health department/district,,New Haven,"ODMAP spike alert emails from Connecticut Department of Public Health [CT DPH],ODMAP spike alert emails from local health governance [e.g. local health department/health district],ODMAP spike alert text messages from local health governance,Review of ODMAP or other overdose data [e.g. EpiCenter],Phone calls from CT DPH,Communication with colleagues,Insights from harm reduction services,Insights from nearby drug testing sites",,Text messages about overdoses [not from ODMAP],,"Increased harm reduction supply distribution in affected areas [naloxone, fentanyl test strips etc],Notify people who use drugs about recent overdoses,Inform the public about substances causing overdoses [e.g. fentanyl-contaminated crack] if known,Inform the public about overdoses,Increased surveillance of affected areas,Investigate reasons for recent overdoses,Refer patients/clients to local drug testing sites",,"Leadership [executive director, administrative office, chief, mayor/selectman/town manager]",Department of Public Health [DPH],Government and health district,Yes,Outreach to PWUD,Peer information sharing,Higher overdose burden,State alerts,Passive
139,TRUE,12/10/2024 13:47,R_114KC2lvn6gTtrL,Harm reduction organization/SSP,,New London,"ODMAP spike alert emails from Connecticut Department of Public Health [CT DPH],Review of ODMAP or other overdose data [e.g. EpiCenter],Regular messages [e.g. listserv] from opioid task force, prevention councils or other source,Communication with colleagues,Communication with patients/clients",,Review of ODMAP or other overdose data [e.g. EpiCenter],,"Increased harm reduction supply distribution in affected areas [naloxone, fentanyl test strips etc],Notify people who use drugs about recent overdoses,Provide people who use drugs with harm reduction education [""don't use alone and go slow""],Inform the public about substances causing overdoses [e.g. fentanyl-contaminated crack] if known,Refer patients/clients to local drug testing sites",,"Leadership [executive director, administrative office, chief, mayor/selectman/town manager],Harm reduction van workers/street outreach,Client-facing staff,Medical providers","Department of Mental Health and Addiction Services [DMHAS],Department of Public Health [DPH],Other harm reduction funding",SSPs and substance use treatment,No,Outreach to PWUD,Platform information,Higher overdose burden,State alerts,Passive
464,TRUE,12/10/2024 14:28,R_57ViSTkICNczE9f,Other [please explain below],Community Based Organization,Fairfield,"Phone calls from local health governance,Text messages about overdoses [not from ODMAP]",,Phone calls from local health governance,,My organization does not respond to overdoses,,Organization does not receive information from CT DPH,My organization does not receive external funding for overdose prevention,Other,No,My organization does not respond to overdoses,Local alerts,Higher overdose burden,Local alerts,Collaborative
225,TRUE,12/12/2024 5:21,R_6wY8J3qTrgSaUyB,Local ambulance/EMS service,,Hartford,"ODMAP spike alert emails from Connecticut Department of Public Health [CT DPH],ODMAP spike alert emails from local health governance [e.g. local health department/health district],Regular messages [e.g. listserv] from local first responder agency,Communication with colleagues",,ODMAP spike alert emails from Connecticut Department of Public Health [CT DPH],,"Increased harm reduction supply distribution in affected areas [naloxone, fentanyl test strips etc],Notify people who use drugs about recent overdoses,Inform the public about overdoses,Be on higher alert for an influx of patients,Increased surveillance of affected areas,Investigate reasons for recent overdoses,Refer patients/clients to local drug testing sites",,Medical providers,"Department of Mental Health and Addiction Services [DMHAS],Department of Public Health [DPH]",First responder,No,Outreach to PWUD,State alerts,Higher overdose burden,State alerts,Passive
207,TRUE,12/16/2024 7:09,R_3fHSDulkWpM5V2r,Fire department,,"Tolland,Windham,Hartford","ODMAP spike alert emails from Connecticut Department of Public Health [CT DPH],ODMAP spike alert emails from local health governance [e.g. local health department/health district],Regular messages [e.g. listserv] from local first responder agency,Regular messages [e.g. listserv] from opioid task force, prevention councils or other source,Communication with colleagues",,ODMAP spike alert emails from Connecticut Department of Public Health [CT DPH],,"Increased harm reduction supply distribution in affected areas [naloxone, fentanyl test strips etc]",,"First responders,Paramedics,Emergency department",Department of Public Health [DPH],First responder,No,Outreach to PWUD,State alerts,Lower overdose burden,State alerts,Passive
115,TRUE,12/17/2024 10:34,R_1s66KxgCAignR8F,Local ambulance/EMS service,,Hartford,"ODMAP spike alert emails from Connecticut Department of Public Health [CT DPH],ODMAP spike alert emails from local health governance [e.g. local health department/health district],Regular messages [e.g. listserv] from local first responder agency,Communication with colleagues",,ODMAP spike alert emails from Connecticut Department of Public Health [CT DPH],,"Increased harm reduction supply distribution in affected areas [naloxone, fentanyl test strips etc],Notify people who use drugs about recent overdoses,Provide people who use drugs with harm reduction education [""don't use alone and go slow""],Inform the public about substances causing overdoses [e.g. fentanyl-contaminated crack] if known",,"Leadership [executive director, administrative office, chief, mayor/selectman/town manager],Medical providers,Emergency department",Department of Public Health [DPH],First responder,No,Outreach to PWUD,State alerts,Higher overdose burden,State alerts,Passive
85,TRUE,12/18/2024 6:34,R_5FnIxmNCnMvJk89,"Local ambulance/EMS service,Hospital",,Hartford,I don’t receive updates or information about overdoses,,I don’t receive updates or information about overdoses,,Be on higher alert for an influx of patients,,"Leadership [executive director, administrative office, chief, mayor/selectman/town manager]",My organization does not receive external funding for overdose prevention,First responder,No,Clinical and operational changes,I don't receive updates or information about overdoses,Higher overdose burden,I don't receive updates or information about ODs,I don't receive updates or information about overdoses
140,TRUE,12/18/2024 6:35,R_1EAHui4WekDZ4qq,"Local ambulance/EMS service,Other [please explain below]",American Medical Response Waterbury ,"Litchfield,New Haven,Hartford",I don’t receive updates or information about overdoses,,I don’t receive updates or information about overdoses,,Notify people who use drugs about recent overdoses,,I am not sure,My organization does not receive external funding for overdose prevention,First responder,No,Outreach to PWUD,I don't receive updates or information about overdoses,Lower overdose burden,I don't receive updates or information about ODs,I don't receive updates or information about overdoses
326,TRUE,12/18/2024 6:38,R_5qluOR3XdUG3qWg,Local ambulance/EMS service,,Litchfield,Communication with colleagues,,Insights from harm reduction services,,Be on higher alert for an influx of patients,,"Leadership [executive director, administrative office, chief, mayor/selectman/town manager],First responders",My organization does not receive external funding for overdose prevention,First responder,Yes,Clinical and operational changes,Peer information sharing,Lower overdose burden,Peer information sharing,Collaborative
126,TRUE,12/18/2024 7:03,R_3o908PfY8zbChpv,Local health department/district,,Fairfield,I don’t receive updates or information about overdoses,,Insights from nearby drug testing sites,,"Inform the public about substances causing overdoses [e.g. fentanyl-contaminated crack] if known,Inform the public about overdoses,Be on higher alert for an influx of patients",,"Leadership [executive director, administrative office, chief, mayor/selectman/town manager]",My organization does not receive external funding for overdose prevention,Government and health district,Yes,Informing the public,Peer information sharing,Higher overdose burden,I don't receive updates or information about ODs,I don't receive updates or information about overdoses
88,TRUE,12/18/2024 9:16,R_8Rj0N6bvKrFwAo1,Local ambulance/EMS service,,Hartford,Communication with colleagues,,Communication with colleagues,,"Increased harm reduction supply distribution in affected areas [naloxone, fentanyl test strips etc],Inform the public about overdoses",,"Leadership [executive director, administrative office, chief, mayor/selectman/town manager]",Department of Public Health [DPH],First responder,No,Outreach to PWUD,Peer information sharing,Higher overdose burden,Peer information sharing,Collaborative
196,TRUE,12/18/2024 9:18,R_3Gx0BqOwuLzxqoe,Hospital,,Hartford,I don’t receive updates or information about overdoses,,I don’t receive updates or information about overdoses,,"Inform the public about substances causing overdoses [e.g. fentanyl-contaminated crack] if known,Inform the public about overdoses,Be on higher alert for an influx of patients",,"Leadership [executive director, administrative office, chief, mayor/selectman/town manager],Client-facing staff,Other staff,Medical providers,Emergency department",My organization does not receive external funding for overdose prevention,First responder,No,Informing the public,I don't receive updates or information about overdoses,Higher overdose burden,I don't receive updates or information about ODs,I don't receive updates or information about overdoses
554,TRUE,12/18/2024 9:25,R_6Cx5MCgojSj5By5,Local ambulance/EMS service,,New London,I don’t receive updates or information about overdoses,,I don’t receive updates or information about overdoses,,"Increased harm reduction supply distribution in affected areas [naloxone, fentanyl test strips etc]",,"Leadership [executive director, administrative office, chief, mayor/selectman/town manager]",Other harm reduction funding,First responder,No,Outreach to PWUD,I don't receive updates or information about overdoses,Higher overdose burden,I don't receive updates or information about ODs,I don't receive updates or information about overdoses
2166,TRUE,12/18/2024 9:51,R_3TGZjKBf9MgfBqN,Local ambulance/EMS service,,Hartford,"Communication with colleagues,Communication with patients/clients",,Communication with colleagues,,"Notify people who use drugs about recent overdoses,Be on higher alert for an influx of patients,Modify or elevate preemptive overdose prevention protocols",,I am not sure,"Department of Mental Health and Addiction Services [DMHAS],Department of Public Health [DPH]",First responder,No,Outreach to PWUD,Peer information sharing,Higher overdose burden,Peer information sharing,Collaborative
67,FALSE,1/6/2025 4:44,R_6VflNM7XHvV1hTj,,,,,,,,,,,,,No,,,,,
346995,FALSE,1/9/2025 12:04,R_6Al9jvAu9C5L8tj,,,,,,,,,,,,,No,,,,,
259053,FALSE,1/9/2025 13:02,R_1hDCAZfRsUFvry4,,,,,,,,,,,,,No,,,,,
